policy,seed,epochs,total_requests,total_admitted,total_rejected,admission_ratio,rejection_ratio,mean_cpu_utilisation,mean_mem_utilisation,mean_bw_utilisation,p95_cpu_utilisation,p95_mem_utilisation,p95_bw_utilisation,mean_reserved_cpu_ratio,mean_reserved_mem_ratio,mean_reserved_bw_ratio,mean_selected_opf,mean_selected_opf_accepted,mean_selected_opf_all_decisions,sla_violation_rate,total_admission_revenue,total_sla_penalty,total_rejection_penalty,total_overbooking_penalty,total_safe_bonus,net_profit,degradation_events,blocked_nominal_count,blocked_forecast_count,blocked_both_count,policy_reject_count,q_unseen_reject_count,q_unseen_fallback_accept_count,sla_feasible
q_learning,42,288,1811,62,1749,0.034235229155162895,0.9657647708448371,0.2385669397528995,0.24577716434091673,0.23200746965056013,0.3060121675282515,0.34353819692290966,0.29899739008210013,0.7106636253343461,0.6479588164876118,0.9290528180110736,1.0,1.0,1.0,0.0,1295.843390100687,0.0,7646.71076619712,11.563408639037155,576.0,-5786.430784735472,5,1513,0,0,236,0,0,True
q_learning,43,288,562,95,467,0.16903914590747332,0.8309608540925267,0.24330855242851662,0.25698926643351044,0.22391973845207735,0.41365051195291164,0.38070954353212905,0.2864628709412079,0.7153054256648415,0.6782018629177533,0.9266696535543204,1.0,1.0,1.0,0.0,2071.06888379875,0.0,1925.3746193221687,17.510679445989307,576.0,704.183585030592,6,415,0,0,52,3,0,True
q_learning,44,288,891,122,769,0.13692480359147025,0.8630751964085297,0.2975791094776128,0.2951921124208607,0.2271518331255107,0.42992687112525746,0.3956338152156976,0.30193419788791054,0.8531882301624475,0.7648560042287785,0.9504562914997678,1.0,1.0,1.0,0.0,2855.1393864676,0.0,2945.0495867722884,60.40944024957172,576.0,425.6803594457399,5,658,0,0,111,0,0,True
q_learning,45,288,632,125,507,0.19778481012658228,0.8022151898734177,0.2903412264001796,0.3015428173178032,0.21521259443162552,0.38855474682460484,0.37518749022745024,0.2768629130330753,0.8281514262438306,0.7671045021811371,0.9371142517659246,1.0,1.0,1.0,0.0,2823.717987330063,0.0,1990.5975414776037,31.283491287197393,576.0,1377.8369545652615,4,467,0,0,40,1,0,True
q_learning,46,288,1303,101,1202,0.07751343054489639,0.9224865694551037,0.2710394730546922,0.28914724395788666,0.2114921026520732,0.3896381945535048,0.37202314791569235,0.2775498478851254,0.7861840094281491,0.7535009640156978,0.9185254293381898,1.0,1.0,1.0,0.0,2455.013849995073,0.0,4870.519486014856,16.545041525328497,576.0,-1856.0506775451108,5,1002,0,0,200,0,0,True
q_learning,47,288,611,104,507,0.1702127659574468,0.8297872340425532,0.24867009646372257,0.2504319743455146,0.23394660667836448,0.3735405716263636,0.34712712541287155,0.33634430066505355,0.7085658912587584,0.6680603513853328,0.9680739570625787,1.0,1.0,1.0,0.0,2020.8961680085813,0.0,1965.0649316947968,51.226218887955554,576.0,580.6050174258287,6,457,0,0,50,0,0,True
q_learning,48,288,1296,59,1237,0.04552469135802469,0.9544753086419753,0.2681515866723486,0.22582108557605457,0.27288729494339364,0.4001769652239881,0.28842062112108385,0.3473826876810514,0.7057810305698361,0.5718024481552316,0.931054626798049,1.0,1.0,1.0,0.0,1669.4878251509865,0.0,5128.063638637857,27.87561100154527,576.0,-2910.451424488416,5,940,0,0,297,1,0,True
q_learning,49,288,2592,92,2500,0.035493827160493825,0.9645061728395061,0.25125298470660584,0.3062625028582656,0.2046749481814618,0.3050397868945131,0.38334267418457707,0.2709508751618573,0.8105182320569756,0.8492643474686817,0.979611512308714,1.0,1.0,1.0,0.0,1687.7846916263002,0.0,10689.68028057162,21.913480697956746,576.0,-8447.809069643277,5,2398,0,0,102,0,0,True
q_learning,50,288,597,82,515,0.1373534338358459,0.8626465661641541,0.21262550409007736,0.23629543103232808,0.2344480963096134,0.30422005776792604,0.35309727505028216,0.294949532263852,0.6726730891921974,0.6347909520182358,0.9557366727782729,1.0,1.0,1.0,0.0,1710.326921138315,0.0,2138.0318085206272,36.21476467717167,576.0,112.08034794051599,7,467,0,0,48,0,0,True
q_learning,51,288,853,98,755,0.11488862837045721,0.8851113716295428,0.28412890042496713,0.27693926913714706,0.22965414750205898,0.41092493093880006,0.3573465587311566,0.3189788294419024,0.8211059328008451,0.7160085534986297,0.9519930542138462,1.0,1.0,1.0,0.0,2380.1156946504602,0.0,3105.141945240235,35.642521558518794,576.0,-184.66877214829339,7,659,0,0,96,0,0,True
q_learning,52,288,958,124,834,0.12943632567849686,0.8705636743215032,0.28908068502850603,0.30422333314406075,0.21482994687395499,0.3928092300520948,0.4154497714867947,0.29042943015889,0.7964488584359021,0.7430777767966283,0.8946932911144236,1.0,1.0,1.0,0.0,3047.7413106276717,0.0,3318.191166674691,0.7584038897994194,576.0,304.7917400631819,2,654,0,0,180,0,0,True
q_learning,53,288,748,100,648,0.13368983957219252,0.8663101604278075,0.29349653268973164,0.28477003395759615,0.22843202537163876,0.43097888516467986,0.38306769101993515,0.3129054490937886,0.8190617432303741,0.7095667668920357,0.9202960791933665,1.0,1.0,1.0,0.0,2501.602228349133,0.0,2693.731249152693,40.77351341698761,576.0,343.0974657794525,11,528,0,0,120,0,0,True
q_learning,54,288,1001,98,903,0.0979020979020979,0.9020979020979021,0.35145704168388703,0.3146528456041552,0.23844266999546926,0.5088950141559245,0.41586003495014157,0.3128788965047918,0.8332731863369632,0.7097092646111116,0.8747359885564585,1.0,1.0,1.0,0.0,2873.089924907862,0.0,3554.8662406775984,15.353699430260292,576.0,-121.13001519999627,9,651,0,0,252,6,0,True
q_learning,55,288,1023,103,920,0.10068426197458455,0.8993157380254154,0.3482986092405482,0.32836339063814257,0.22776382916143958,0.5105736686943894,0.45479637356631875,0.29004999009072624,0.8590350145352618,0.7386795958893233,0.8877814172503464,1.0,1.0,1.0,0.0,3014.5239189377735,0.0,3489.9834158701397,32.00540110088123,576.0,68.53510196675325,7,730,0,0,190,2,0,True
q_learning,56,288,2710,90,2620,0.033210332103321034,0.966789667896679,0.25654164433718213,0.31943731782460877,0.1976995341604194,0.34641566142378355,0.4122582351570508,0.2722278540556606,0.8668038316391118,0.8859236160503008,1.009653517045937,1.0,1.0,1.0,0.0,1628.2556332155636,0.0,10871.204559268741,90.66962244715027,576.0,-8757.618548500328,8,2578,0,0,42,14,0,True
q_learning,57,288,673,101,572,0.150074294205052,0.849925705794948,0.27471612255149475,0.29415809053878195,0.24877152709617714,0.4322685860945269,0.4054310894580126,0.3436752845916976,0.8000380358167919,0.7400566854686941,0.9760705851589694,1.0,1.0,1.0,0.0,2420.234621947497,0.0,2430.1074580699324,64.06910961903806,576.0,502.05805425852657,7,537,0,0,35,0,0,True
q_learning,58,288,597,113,484,0.18927973199329984,0.8107202680067002,0.27669146087672164,0.30143548205152415,0.2211632388221937,0.39714823897017293,0.40386271716133315,0.291744333189301,0.7824319621414967,0.7483235492525567,0.9410382617092652,1.0,1.0,1.0,0.0,2453.7917492982024,0.0,1944.3809276638754,16.02930842872211,576.0,1069.3815132056045,3,446,0,0,38,3,0,True
q_learning,59,288,865,115,750,0.1329479768786127,0.8670520231213873,0.3136863808582031,0.29459439203320437,0.2243246333351862,0.44409481759039904,0.40033567317485674,0.3571214925839721,0.8315965188376603,0.7434815670127776,0.9105377864788109,1.0,1.0,1.0,0.0,2926.628935195955,0.0,2761.301215778087,84.76655201709292,576.0,656.5611674007746,6,512,0,0,238,3,0,True
q_learning,60,288,762,111,651,0.14566929133858267,0.8543307086614174,0.27449054214042645,0.29020647839195185,0.2128736047561201,0.37614546747852834,0.3906797421705305,0.2758811312287359,0.8573945527330705,0.8088221916143623,0.980968575939348,1.0,1.0,1.0,0.0,2437.394283969821,0.0,2595.6027079210266,78.79339484398056,576.0,338.99818120481365,6,586,0,0,65,0,0,True
q_learning,61,288,564,98,466,0.17375886524822695,0.8262411347517731,0.28624127517649195,0.27188925179818413,0.2610848089549078,0.4169963140307853,0.3531480125315745,0.370436253129619,0.7649162323453057,0.6806847538997594,0.9451927316679202,1.0,1.0,1.0,0.0,2352.0111160331226,0.0,1716.9527099894299,34.807589728999176,576.0,1176.250816314694,5,425,0,0,41,0,0,True
q_learning,62,288,2422,88,2334,0.03633360858794385,0.9636663914120561,0.25809404000666103,0.3027191271091901,0.21180462542627213,0.3772100410263692,0.40750964210413965,0.32206909490045194,0.7824130970635328,0.808709241135809,0.9740343718235089,1.0,1.0,1.0,0.0,1522.4686201432046,0.0,9665.51860583908,69.13330985121836,576.0,-7636.183295547093,5,2118,0,0,216,0,0,True
q_learning,63,288,914,113,801,0.12363238512035012,0.8763676148796499,0.3260178227494231,0.3075557399936424,0.2202766182651187,0.5146717680202332,0.45803996332632735,0.29725268297475227,0.868091637172911,0.7750266117234568,0.9198358196453652,1.0,1.0,1.0,0.0,2934.5072465252606,0.0,3032.2124231002213,51.445143143499834,576.0,426.8496802815397,7,634,0,0,167,0,0,True
q_learning,64,288,569,101,468,0.17750439367311072,0.8224956063268892,0.23120632043769923,0.2656586712069849,0.22684812042459457,0.3409404310678151,0.3911200274582865,0.30869779776465023,0.7143602930020396,0.6917612097251441,0.9600629645635637,1.0,1.0,1.0,0.0,2156.782960983081,0.0,1857.2999157548143,59.963480834998094,576.0,815.5195643932689,6,416,0,0,52,3,0,True
q_learning,65,288,685,107,578,0.1562043795620438,0.8437956204379562,0.27329232542086473,0.29542331445093895,0.24152735961881916,0.37351515423322085,0.4058885595369667,0.3557838958574507,0.767435130869258,0.7372352923951855,0.9496015201244768,1.0,1.0,1.0,0.0,2480.753169338712,0.0,2347.5144875466253,48.693983433936395,576.0,660.5446983581503,5,515,0,0,63,4,0,True
q_learning,66,288,1049,110,939,0.10486177311725453,0.8951382268827455,0.2920583993620036,0.3037438364470853,0.2326068873293027,0.4052984610531342,0.4114246160730589,0.33138927284091907,0.8040376529978249,0.7360020097617404,0.9359794266989157,1.0,1.0,1.0,0.0,2657.8197590968,0.0,3628.54383675254,45.209330058599775,576.0,-439.9334077143393,8,736,0,0,203,7,0,True
q_learning,67,288,630,109,521,0.173015873015873,0.8269841269841269,0.261467962011123,0.25277260077803415,0.2736569648431068,0.39984837659295547,0.3164547253142646,0.40421552959421864,0.7414199055422418,0.6773551888357368,0.9518870566998763,1.0,1.0,1.0,0.0,2340.7497503951677,0.0,2103.406180399512,19.75932208625197,576.0,793.584247909404,5,497,0,0,24,0,0,True
q_learning,68,288,1175,80,1095,0.06808510638297872,0.9319148936170213,0.2735418197555422,0.2503105612941282,0.29379869472836184,0.3757610728701819,0.35545633540843663,0.5216101967325503,0.7340757556788088,0.6220801973319126,0.9727757377813592,1.0,1.0,1.0,0.0,2196.3818329889805,0.0,4458.386611300683,86.63335183794673,576.0,-1772.63813014965,6,841,0,0,254,6,0,True
q_learning,69,288,1989,73,1916,0.036701860231272,0.963298139768728,0.28441173812256193,0.2868825461002567,0.23977831843196645,0.36544171913683327,0.3606394845992638,0.34628470186631743,0.7504903707046795,0.7336107990756493,0.9616904637257291,1.0,1.0,1.0,0.0,1592.3811883788308,0.0,8118.813317652203,45.15091699607692,576.0,-5995.583046269449,6,1648,0,0,268,1,0,True
q_learning,70,288,830,112,718,0.13493975903614458,0.8650602409638555,0.2759218999277513,0.2824525294668849,0.21189424832529027,0.40736766410602054,0.3656474774285322,0.2911352388426004,0.7952186464617296,0.7082139385856319,0.8915330473070561,1.0,1.0,1.0,0.0,2793.8234188372307,0.0,2755.102054990025,11.037601289395633,576.0,603.6837625578103,5,548,0,0,170,0,0,True
q_learning,71,288,1585,79,1506,0.049842271293375394,0.9501577287066246,0.28694877261108886,0.2741763464899122,0.2355679397594787,0.4084782209374392,0.35509459702344925,0.30539155413214686,0.7616394950503927,0.701524970933797,0.9311353876264652,1.0,1.0,1.0,0.0,1933.1010598411713,0.0,6382.162149981313,45.4449369000409,576.0,-3918.506027040182,8,1231,0,0,275,0,0,True
opf_aware_q_learning,42,288,1811,229,1582,0.12644947542794036,0.8735505245720596,0.8552096128674003,0.74810451452367,0.6244601988792944,1.0656151842027253,0.9813767608386487,0.7800570732263279,2.1913968817339167,1.7824595652130024,2.268076771641337,2.4115720524017465,2.4115720524017465,1.72058628196649,0.0625,7084.643924133394,255.19048673079385,6385.454347400513,3514.580500489959,540.0,-2530.5814104878714,5,902,28,650,2,14,0,False
opf_aware_q_learning,43,288,562,135,427,0.2402135231316726,0.7597864768683275,0.49513220333047925,0.43878832768628034,0.4562774970109176,0.8744830707865114,0.7844695964836236,0.722518524651906,1.2964900893849525,1.0616520950385226,1.6318787656595857,2.2325925925925927,2.2325925925925927,1.557053158068783,0.003472222222222222,3961.0685589222758,0.07685120453563112,1566.163772885985,1677.0392673257602,574.0,1291.788667505995,6,222,1,41,163,188,0,True
opf_aware_q_learning,44,288,891,192,699,0.21548821548821548,0.7845117845117845,0.7549959236578875,0.6304333067883007,0.7020907134436398,1.0237322689282502,0.8274841495086985,0.8742381453960005,1.873276707812113,1.4680718853434551,2.39379123993014,2.415885416666667,2.415885416666667,1.9881047453703704,0.059027777777777776,6008.643417104093,140.64195904394268,2362.919746192865,3026.0171043509754,542.0,1021.0646075163095,5,562,12,125,0,3,0,False
opf_aware_q_learning,45,288,632,215,417,0.3401898734177215,0.6598101265822784,0.7042701555825733,0.6407852000525414,0.6427521496766565,0.8634705152583704,0.8003090275599385,0.7427814034120442,1.9338920249651048,1.5968779167392773,2.297179686765338,2.382093023255814,2.382093023255814,1.8155712632275136,0.03125,6108.451011471896,138.9637090577369,1418.1694209876985,3102.317418640875,558.0,2007.0004627855863,4,396,0,21,0,7,0,False
opf_aware_q_learning,46,288,1303,218,1085,0.16730621642363777,0.8326937835763623,0.7429993838647888,0.6327082850883625,0.6604268898447051,0.9423321938081922,0.8532580385349534,0.7691873220648924,2.0015365921780726,1.592639303788401,2.3439042759186717,2.377522935779816,2.377522935779816,1.8609130428791885,0.034722222222222224,6670.011837320329,203.65903420495076,4052.273177111101,3249.1637453512376,556.0,-279.08411934696187,5,816,6,256,7,10,0,False
opf_aware_q_learning,47,288,611,111,500,0.18166939443535188,0.8183306055646481,0.4056180389081624,0.36634910410444915,0.44584973577655007,0.8614429165441814,0.6535470335034806,0.8219394626194169,1.0597925601546165,0.861490093665204,1.5025556877349981,2.224324324324325,2.224324324324325,1.4012586805555556,0.024305555555555556,3207.183057565679,20.63281450732806,1729.7494411962434,1312.8215924966612,562.0,705.9792093654459,6,237,0,29,234,288,0,False
opf_aware_q_learning,48,288,1296,202,1094,0.1558641975308642,0.8441358024691358,0.73992984372123,0.6199285642310118,0.6420948142058465,0.9787870848683254,0.8218928451568701,0.8029602553335831,1.8603124051486926,1.4909262112229316,2.270717039125906,2.387871287128713,2.387871287128713,1.7638228891093475,0.03125,6317.193277596205,20.473307085752815,4174.748408545702,2888.686729269786,558.0,-208.71516730503518,5,845,21,228,0,48,0,False
opf_aware_q_learning,49,288,2592,209,2383,0.08063271604938271,0.9193672839506173,0.7429247113708033,0.7205395389955007,0.5419672097661208,0.9714311658036011,0.9306964110271504,0.6890244024341395,2.0037754221285358,1.7651600449070233,2.1986262935530476,2.3454545454545452,2.3454545454545452,1.6608969218474428,0.03125,5588.408551978027,30.02903414518021,9887.848876745738,3277.0853670694023,558.0,-7048.554725982294,5,1672,17,627,67,171,0,False
opf_aware_q_learning,50,288,597,164,433,0.2747068676716918,0.7252931323283082,0.6756272321174348,0.5629692415496168,0.643549127170166,0.9645137718988768,0.7899029085812588,0.9197824865484354,1.7287830482254287,1.3828591791286426,2.268238073697829,2.3201219512195124,2.3201219512195124,1.7498015873015873,0.03819444444444445,4878.280139210782,146.6251399856929,1555.1452485662026,2672.1025765781287,554.0,1058.407174080758,7,352,0,81,0,11,0,False
opf_aware_q_learning,51,288,853,203,650,0.23798358733880423,0.7620164126611958,0.7489210027577822,0.6143435024296734,0.6927603097442074,0.9258571056895724,0.7437112842083955,0.8490156489632548,1.8456661223863549,1.467417150900995,2.351159562589539,2.4086206896551725,2.4086206896551725,1.841785025352734,0.020833333333333332,6422.970840951056,22.057026601256155,2323.7328947104284,2943.6263849341053,564.0,1697.5545347052662,7,527,4,119,0,14,0,False
opf_aware_q_learning,52,288,958,203,755,0.21189979123173278,0.7881002087682673,0.7802429021792694,0.649915310900946,0.7091654488462575,0.9491132586623688,0.7612460816864711,0.8737070332973002,1.9232274326783216,1.4831979522635255,2.2977616403185097,2.3995073891625616,2.3995073891625616,1.9743528852513228,0.003472222222222222,6852.268617774394,2.1981367682808446,2593.0116230350513,3004.2769179443253,574.0,1826.7819400267358,2,545,26,183,1,16,0,True
opf_aware_q_learning,53,288,748,169,579,0.22593582887700533,0.7740641711229946,0.7322675461888875,0.6198796851500292,0.705118963606145,1.088650857475665,0.943890725735649,0.9391116890844899,1.9309458582492935,1.4579245391602158,2.40572937671043,2.380473372781065,2.380473372781065,1.8579892113095238,0.06944444444444445,5301.0921479263625,395.65117695201604,2199.003761758461,3117.4823335776555,536.0,124.95487563822923,11,431,6,141,1,7,0,False
opf_aware_q_learning,54,288,1001,185,816,0.1848151848151848,0.8151848151848152,0.7529169417001929,0.6330502928320425,0.663492086895977,0.9646536452765404,0.7794818885987819,0.9066945792706491,1.933976344101514,1.5094769919360234,2.3167405206912304,2.328648648648649,2.328648648648649,1.8412028080908287,0.041666666666666664,5801.514385654231,125.46795135242438,3042.750572076526,3059.7502654479445,552.0,125.5455967773359,9,594,11,208,3,35,0,False
opf_aware_q_learning,55,288,1023,188,835,0.18377321603128055,0.8162267839687195,0.8039970290100209,0.6614296500257516,0.674014023941319,1.0914785177548136,0.8678373723506765,0.9634275305825011,1.9131136237988728,1.4713303428572047,2.307277986884945,2.380585106382979,2.380585106382979,1.8832887593694885,0.06597222222222222,5851.881785539626,282.3736477913473,3031.344215035468,3020.1443734608238,538.0,56.01954925198788,7,524,33,271,7,3,0,False
opf_aware_q_learning,56,288,2710,3,2707,0.001107011070110701,0.9988929889298893,0.013287220115842466,0.01499806317912796,0.019448457516981463,0.11951011094355483,0.14367657837004688,0.20115878145158933,0.05043827282855905,0.04747215867359451,0.07178448315307559,1.1666666666666667,1.1666666666666667,1.0001736111111112,0.0,72.49151779791177,0.0,11096.043027177471,0.0,576.0,-10447.551509379558,8,92,0,0,2615,2700,0,True
opf_aware_q_learning,57,288,673,185,488,0.274888558692422,0.725111441307578,0.7439906770592338,0.6395955718101503,0.6819778624659288,0.9391518149036745,0.7837864440887596,0.9120271379134383,1.9151812920319626,1.5396578031712096,2.3282613817634865,2.377027027027027,2.377027027027027,1.9047627314814817,0.017361111111111112,5455.103652698637,26.900008928686738,1863.9137497060037,3074.796895445839,566.0,1055.4929986181082,7,375,2,109,2,14,0,True
opf_aware_q_learning,58,288,597,198,399,0.3316582914572864,0.6683417085427136,0.7263741647913995,0.6331982693047102,0.6519474674893944,0.9108081763558226,0.7895048793300893,0.7970140289119783,1.7922188376909145,1.4796223194059455,2.2371946527916475,2.401010101010101,2.401010101010101,1.8988078703703701,0.013888888888888888,5701.470996223095,43.58224269652493,1350.1045545555228,2780.5235302772585,568.0,2095.2606686937897,3,370,0,29,0,9,0,True
opf_aware_q_learning,59,288,865,194,671,0.22427745664739884,0.7757225433526012,0.7280242392267181,0.6084140555553004,0.7266955197817909,0.9465668295165388,0.7662709983406347,0.938674767124012,1.8937802528335865,1.439453282406667,2.3995326754203163,2.4123711340206184,2.4123711340206184,1.9567158564814815,0.03125,6242.5086476505985,84.70645496068069,2198.637676705849,3042.2393688795933,558.0,1474.9251471044759,6,496,13,161,1,5,0,False
opf_aware_q_learning,60,288,762,171,591,0.22440944881889763,0.7755905511811023,0.7167061473817545,0.5526206701690107,0.6638019924703654,0.9251822679224978,0.7362595705333789,0.8199220241107611,1.9023957162392007,1.4042052628551756,2.3051508394533267,2.3242690058479534,2.3242690058479534,1.9066191302910052,0.034722222222222224,5601.610623792274,90.43991223185705,2001.5858037115916,2907.003236612617,556.0,1158.5816712362093,6,494,4,89,4,6,0,False
opf_aware_q_learning,61,288,564,179,385,0.3173758865248227,0.6826241134751773,0.6809542331588764,0.5854465076922623,0.6734681334059811,0.916372967274986,0.7322141420445248,0.8699457621870118,1.7480950151590895,1.4097657701992605,2.2753098688084696,2.3768156424581006,2.3768156424581006,1.8472858796296296,0.017361111111111112,4969.591582364263,113.47453957533332,1281.589725434263,2701.834632837613,566.0,1438.6926845170528,5,318,5,60,2,1,0,True
opf_aware_q_learning,62,288,2422,202,2220,0.08340214698596202,0.916597853014038,0.8058817299835286,0.7441230734874809,0.6246415030978307,1.0066530816641392,0.9607370488365448,0.9933463373952907,2.098622247879626,1.7984028806043624,2.3252826140124627,2.3586633663366334,2.3586633663366334,1.6138782793209876,0.07291666666666667,5707.250351709935,288.5995083410117,8768.498165962963,3484.111369102614,534.0,-6299.958691696653,5,1485,16,716,3,13,0,False
opf_aware_q_learning,63,288,914,177,737,0.1936542669584245,0.8063457330415755,0.8032910604758948,0.6555424298335764,0.7620578906964001,1.0622050018386981,0.8296234565053772,1.0382741325654696,1.9775606097954466,1.5302482645947302,2.4019046282979866,2.3799435028248586,2.3799435028248586,1.8421674520502644,0.125,5478.469576554886,391.05949909529306,2597.4685207604416,3224.3939636084233,504.0,-230.4524069092723,7,450,15,269,3,10,0,False
opf_aware_q_learning,64,288,569,178,391,0.31282952548330406,0.687170474516696,0.5904492410223463,0.5039018097159383,0.6117325712262098,0.8875227469971385,0.7032966186859004,0.8060272990344668,1.5717619994658163,1.2844456000418352,2.1507824843266565,2.3342696629213484,2.3342696629213484,1.7751351686507937,0.013888888888888888,4811.0414950005925,22.901244849406446,1409.6624638644375,2365.595739482265,568.0,1580.882046804483,6,334,0,37,20,40,0,True
opf_aware_q_learning,65,288,685,181,504,0.26423357664233577,0.7357664233576642,0.694511224082521,0.5928737878767613,0.6620897920258206,0.9489884346530899,0.7961975042481007,0.8765118357148837,1.7573420187503332,1.4448317040318577,2.2527776834381763,2.384254143646409,2.384254143646409,1.8149127810846564,0.017361111111111112,5227.08049752855,34.94048833745655,1877.3248224680756,2773.742250561975,566.0,1107.072936161043,5,410,8,73,13,26,0,True
opf_aware_q_learning,66,288,1049,186,863,0.1773117254528122,0.8226882745471878,0.7162099424893383,0.5988318278981148,0.6999903436160776,1.0044090556952523,0.8042141417308872,0.8919922127503346,1.895521971431856,1.4623302171213213,2.3654678776487668,2.410752688172043,2.410752688172043,1.7986611276455027,0.052083333333333336,5885.783850913497,80.65317250351289,3015.992609476857,3026.99721378432,546.0,308.14085514880617,8,667,5,189,2,15,0,False
opf_aware_q_learning,67,288,630,200,430,0.31746031746031744,0.6825396825396826,0.618961521522355,0.5788898351757484,0.7154689529368169,0.8322804022896336,0.7320959107617886,0.8948604219118759,1.6650738134822056,1.3865648919042817,2.2462927462440114,2.36275,2.36275,1.9320796130952382,0.0,5690.751744352394,0.0,1527.871031259082,2576.9957894291247,576.0,2161.884923664187,5,342,5,83,0,4,0,True
opf_aware_q_learning,68,288,1175,195,980,0.16595744680851063,0.8340425531914893,0.7629122006229613,0.6781730228156317,0.7113313980357763,0.9784307163519789,0.8671339126929958,0.9672815159452687,1.9498399679496612,1.5610174828182624,2.402496417363028,2.3935897435897435,2.3935897435897435,1.8123290068342155,0.041666666666666664,6152.655029815662,131.91664689038794,3683.022366103056,3206.905476240805,552.0,-317.18945941858743,6,641,13,321,5,28,0,False
opf_aware_q_learning,69,288,1989,217,1772,0.10910005027652087,0.8908999497234792,0.8104012741601349,0.7302281731295538,0.5935032116845568,1.118657368933217,1.0479121836588365,0.7798463388333706,2.065735483109116,1.7429813693580756,2.3018645794596857,2.4,2.4,1.7067483052248678,0.09375,6156.54679114254,440.82856978318193,7166.5966333391925,3372.653928483685,522.0,-4301.53234046352,6,1204,21,546,1,3,0,False
opf_aware_q_learning,70,288,830,216,614,0.26024096385542167,0.7397590361445783,0.72030917114239,0.6440986943173584,0.7014505506210214,0.8863090067668707,0.7876504962944769,0.8198981142811541,1.8792387809730282,1.4943184035719066,2.3408592669765897,2.4425925925925926,2.4425925925925926,1.9947803681657845,0.0,6561.262844752728,0.0,2064.5269587335542,3011.2394069038337,576.0,2061.496479115339,5,543,0,68,3,0,0,True
opf_aware_q_learning,71,288,1585,217,1368,0.13690851735015772,0.8630914826498423,0.7804132820610434,0.6944882180439803,0.6294624863654227,0.9969543253422226,0.892257216386003,0.7801289816132905,2.0320887680920086,1.6661218473913593,2.351574322105561,2.4110599078341015,2.4110599078341015,1.7777489114858906,0.052083333333333336,6428.72278768035,130.09246198443964,5450.2922913172615,3331.652056124006,546.0,-1937.3140217453567,8,992,3,373,0,23,0,False
conservative,42,288,1811,112,1699,0.06184428492545555,0.9381557150745444,0.34303876260155475,0.3268439763630633,0.22160012143420593,0.42670607528391347,0.40606016743665696,0.27085098478948294,0.9605751248412808,0.8329407538800756,0.948677261314588,1.0,1.0,1.0,0.0,3148.9896486250004,0.0,7184.131926432766,42.87420942651917,576.0,-3502.016487234284,5,1699,0,0,0,0,0,True
conservative,43,288,562,100,462,0.17793594306049823,0.8220640569395018,0.29372415715523004,0.2953579103129954,0.2436963157538239,0.4314995574453646,0.4162604862547254,0.3320313342940619,0.8476759700096712,0.7546624714878118,0.9737564184392927,1.0,1.0,1.0,0.0,2574.1760158957018,0.0,1782.6011266009104,40.890479950129446,576.0,1326.6844093446618,6,462,0,0,0,0,0,True
conservative,44,288,891,121,770,0.13580246913580246,0.8641975308641975,0.32434418696573125,0.3152196522301954,0.25424421303889627,0.4556615888441,0.3987427743535545,0.34088951580252397,0.8631590916034291,0.7541510356047028,0.9941966710771967,1.0,1.0,1.0,0.0,2973.1909837796293,0.0,2932.713218285761,55.68918694557115,576.0,560.7885785482974,5,770,0,0,0,0,0,True
conservative,45,288,632,125,507,0.19778481012658228,0.8022151898734177,0.31521904192848726,0.31442535656631104,0.23719317703951542,0.40464796083544524,0.4100746501013051,0.2942336232844621,0.8828620379992471,0.7914213708916807,0.9591610345589042,1.0,1.0,1.0,0.0,2978.885702828809,0.0,1960.2830467649037,36.41714056714093,576.0,1558.1855154967645,4,507,0,0,0,0,0,True
conservative,46,288,1303,129,1174,0.09900230237912509,0.9009976976208749,0.3112333611512519,0.3147234864390419,0.22098484749495326,0.43957146361090055,0.41318749250306175,0.25831079944435364,0.899018890791373,0.8108919052402591,0.9795655629211362,1.0,1.0,1.0,0.0,3183.354296438395,0.0,4733.2247928392835,41.434116779990276,576.0,-1015.304613180879,5,1174,0,0,0,0,0,True
conservative,47,288,611,121,490,0.19803600654664485,0.8019639934533551,0.2784082693549483,0.29117338240979884,0.2378787552470196,0.39048612354240586,0.3891170134430244,0.3710544573986077,0.8188687970701766,0.7620841454586382,0.9870603530936349,1.0,1.0,1.0,0.0,2614.384610434058,0.0,1827.5634564572297,70.77053869160338,576.0,1292.050615285224,6,490,0,0,0,0,0,True
conservative,48,288,1296,100,1196,0.07716049382716049,0.9228395061728395,0.32736830109175813,0.322786680084328,0.24365088082360012,0.44810475716182596,0.4337769961532423,0.3455305219727771,0.8877473497573488,0.8105993648763506,0.9975719030591859,1.0,1.0,1.0,0.0,2434.269880099904,0.0,4973.55202903805,50.61681692015821,576.0,-2013.8989658583037,5,1196,0,0,0,0,0,True
conservative,49,288,2592,101,2491,0.03896604938271605,0.9610339506172839,0.34001425887176073,0.33932134966850924,0.237882504906721,0.43503677065909824,0.43090354486088484,0.2848452910928988,0.9236948463983212,0.8195071229677846,0.9757395277493086,1.0,1.0,1.0,0.0,2661.5441432316456,0.0,10432.110172353114,17.14629499820431,576.0,-7211.712324119672,5,2491,0,0,0,0,0,True
conservative,50,288,597,101,496,0.16917922948073702,0.830820770519263,0.30485522460157677,0.292008189914397,0.24862579381301123,0.4164836461381214,0.39033912444556396,0.35032465724380635,0.8363315308741457,0.7351880403635127,0.9937211797117899,1.0,1.0,1.0,0.0,2635.9547120779907,0.0,1910.2042979963994,75.21098592444875,576.0,1226.5394281571425,7,496,0,0,0,0,0,True
conservative,51,288,853,93,760,0.10902696365767878,0.8909730363423212,0.30276713308530034,0.3084077995126552,0.24138977871037126,0.4423706217034166,0.40579427999086665,0.3192383477958216,0.8597350847792367,0.7746954524828976,1.0032921994139654,1.0,1.0,1.0,0.0,2363.0827505223624,0.0,3105.6865834100745,54.62618072592264,576.0,-221.23001361363475,7,760,0,0,0,0,0,True
conservative,52,288,958,122,836,0.12734864300626306,0.872651356993737,0.2910546891231698,0.3061858413602303,0.22954590083379722,0.37229362829020807,0.3901708329567284,0.27450477836112924,0.8043518996676982,0.7941246550034564,0.9753710478693797,1.0,1.0,1.0,0.0,2609.781417061301,0.0,3466.772368338038,16.921274629119946,576.0,-297.9122259058563,2,836,0,0,0,0,0,True
conservative,53,288,748,97,651,0.12967914438502673,0.8703208556149733,0.33128844917346967,0.3011969625356484,0.25704404589588725,0.5009323359821721,0.3921941109745415,0.3307103426127925,0.8838604908642832,0.7371210953163403,1.0101129583408313,1.0,1.0,1.0,0.0,2573.2996306650275,0.0,2681.4173988954244,85.3089174313904,576.0,382.57331433821287,11,651,0,0,0,0,0,True
conservative,54,288,1001,107,894,0.1068931068931069,0.8931068931068931,0.321035380787549,0.32192193366914734,0.24160117224291827,0.4288981479585446,0.4262487348027235,0.3190493834204615,0.8744051520399989,0.7981242525025765,1.0139118318811657,1.0,1.0,1.0,0.0,2627.0362342089375,0.0,3659.365886107312,90.08707267826131,576.0,-546.4167245766353,9,894,0,0,0,0,0,True
conservative,55,288,1023,111,912,0.10850439882697947,0.8914956011730205,0.33257239151065143,0.3136317097695103,0.24524399334930036,0.47124576265233464,0.4278306323180874,0.3371022098520877,0.8968144803654039,0.784402368774549,1.0035315168567374,1.0,1.0,1.0,0.0,2779.063436106636,0.0,3601.524271448968,92.73934872754083,576.0,-339.200184069873,7,912,0,0,0,0,0,True
conservative,56,288,2710,84,2626,0.03099630996309963,0.9690036900369003,0.3368478300016963,0.3499397526583155,0.2261978289219918,0.47915744517623915,0.46334491764853303,0.2874655275451035,0.9261636319518511,0.8691796524165006,1.0049563850800736,1.0,1.0,1.0,0.0,2021.126978493607,0.0,10743.23525205653,71.4340900820583,576.0,-8217.542363644981,8,2626,0,0,0,0,0,True
conservative,57,288,673,108,565,0.16047548291233285,0.8395245170876672,0.3248689928357882,0.32355945310554407,0.2580872903439541,0.46028306382890577,0.4438463881830551,0.3582355767869288,0.8783225845991581,0.7806046567691678,0.9847007128462013,1.0,1.0,1.0,0.0,2839.5248569288337,0.0,2325.715813841576,61.19850916665893,576.0,1028.6105339205992,7,565,0,0,0,0,0,True
conservative,58,288,597,128,469,0.21440536013400335,0.7855946398659966,0.30210765180374555,0.31824978808265597,0.22608316636546494,0.3803102041911843,0.40995806108878613,0.3045987432127901,0.8251160923340766,0.7709556236582726,0.9532755563223232,1.0,1.0,1.0,0.0,2890.808585537038,0.0,1845.711132021955,6.057040813124077,576.0,1615.0404127019594,3,469,0,0,0,0,0,True
conservative,59,288,865,109,756,0.1260115606936416,0.8739884393063584,0.32850527654761214,0.3073643514507506,0.26098347663510896,0.4579596445578693,0.38728854724261635,0.39940911696491077,0.8751767329583563,0.7757563656392507,1.0122930256908036,1.0,1.0,1.0,0.0,2740.4175779337447,0.0,2839.787925232769,79.55831362802363,576.0,397.0713390729527,6,756,0,0,0,0,0,True
conservative,60,288,762,108,654,0.14173228346456693,0.8582677165354331,0.32296794779219673,0.29493874002592496,0.23447700738198662,0.4315909016021252,0.3777534010304788,0.3103372527544615,0.9095926503781236,0.7852804382837226,0.9807053399771958,1.0,1.0,1.0,0.0,2682.3693230104473,0.0,2543.502338015762,62.383126686570066,576.0,652.4838583081155,6,654,0,0,0,0,0,True
conservative,61,288,564,104,460,0.18439716312056736,0.8156028368794326,0.29670627072807326,0.28553344961513505,0.25681874881735467,0.42072984192878116,0.37187297365622923,0.36622390270079697,0.8220690581078267,0.720943406270939,0.9669580257540625,1.0,1.0,1.0,0.0,2392.3573791826475,0.0,1700.5235307720798,45.376010611899,576.0,1222.4578377986688,5,460,0,0,0,0,0,True
conservative,62,288,2422,101,2321,0.04170107349298101,0.958298926507019,0.3728092411775308,0.3417919399946388,0.21751852122515436,0.5153706925788846,0.4536180312817673,0.2978401133307377,0.9663789146349776,0.852613741456016,0.9777907755708883,1.0,1.0,1.0,0.0,2597.1439607538878,0.0,9364.451835229826,67.07489372692106,576.0,-6258.382768202858,5,2321,0,0,0,0,0,True
conservative,63,288,914,113,801,0.12363238512035012,0.8763676148796499,0.3166836992678801,0.31380542671973016,0.23801187546608135,0.495049918932107,0.45573222452409595,0.3451413078193106,0.8950531708647195,0.8215026931353688,1.0131627213727248,1.0,1.0,1.0,0.0,2624.5751318710636,0.0,3142.9772723977294,93.90162537447847,576.0,-36.30376590114403,7,801,0,0,0,0,0,True
conservative,64,288,569,109,460,0.19156414762741653,0.8084358523725835,0.30412560352480594,0.2924093996798953,0.24072162394114682,0.4265405581093441,0.44900641594051727,0.3143338409425759,0.8344629254360382,0.7569895874747092,0.9995752680862746,1.0,1.0,1.0,0.0,2531.881590169035,0.0,1754.940948230749,94.58912777398865,576.0,1258.3515141642974,6,460,0,0,0,0,0,True
conservative,65,288,685,99,586,0.14452554744525548,0.8554744525547445,0.3058799605064093,0.28183509779634863,0.26111125745232133,0.4537357898078403,0.35344859852987565,0.4208138019339401,0.791032284503962,0.7341798974223154,0.9888832180185135,1.0,1.0,1.0,0.0,2360.621357756826,0.0,2388.1340812315684,51.14558008362724,576.0,497.3416964416308,5,586,0,0,0,0,0,True
conservative,66,288,1049,115,934,0.109628217349857,0.8903717826501429,0.2924423626561727,0.3059299092424953,0.22870158777302846,0.37365126774634533,0.3826822179550144,0.2923711068403098,0.865114701709521,0.779592486317801,0.9854543483734332,1.0,1.0,1.0,0.0,2694.4914525659874,0.0,3627.0675492143428,39.86832886145636,576.0,-396.4444255098118,8,934,0,0,0,0,0,True
conservative,67,288,630,122,508,0.19365079365079366,0.8063492063492064,0.2804583861215657,0.29542139393978734,0.2517161602769795,0.36138482450755105,0.357787917520519,0.3478914526038072,0.8069370191290061,0.7390704043003714,0.9661200924495768,1.0,1.0,1.0,0.0,2809.341473784169,0.0,2009.3914550026639,14.467837337148785,576.0,1361.4821814443565,5,508,0,0,0,0,0,True
conservative,68,288,1175,126,1049,0.1072340425531915,0.8927659574468085,0.3270357080541077,0.34155212084800435,0.23578327261995893,0.4537608562975498,0.42554578488151407,0.36710607959490027,0.9080719791028966,0.8560835648202958,1.0140823572856779,1.0,1.0,1.0,0.0,2960.0910764380997,0.0,4301.380837980025,77.68886174276693,576.0,-842.9786232846927,6,1049,0,0,0,0,0,True
conservative,69,288,1989,99,1890,0.049773755656108594,0.9502262443438914,0.35006655883295745,0.3228179836571179,0.23395663609624012,0.45977706805881646,0.3896985296624432,0.29569682774170325,0.9244574722539759,0.8182101569123628,0.9818221650108138,1.0,1.0,1.0,0.0,2639.5311170073164,0.0,7856.816861368086,35.06804011543218,576.0,-4676.353784476201,6,1890,0,0,0,0,0,True
conservative,70,288,830,110,720,0.13253012048192772,0.8674698795180723,0.2828326179286655,0.30731203401867896,0.23197917328402262,0.4104142150507903,0.3799726363527075,0.3005462135238109,0.8437258714877002,0.7690146593806354,0.9745213706086189,1.0,1.0,1.0,0.0,2466.2435553620094,0.0,2844.1128045263404,26.341923577001364,576.0,171.78882725866754,5,720,0,0,0,0,0,True
conservative,71,288,1585,93,1492,0.05867507886435331,0.9413249211356467,0.30647167789147267,0.3172988555950692,0.23123460685185204,0.4216964958500916,0.4059203925801619,0.3217099643062557,0.8726365940532467,0.8058070497956827,1.0002819225284385,1.0,1.0,1.0,0.0,2243.372266869199,0.0,6296.463995560743,50.88124348959157,576.0,-3527.972972181135,8,1492,0,0,0,0,0,True
static_opf_1.10_forecast,42,288,1811,125,1686,0.06902263942573164,0.9309773605742684,0.3688379265331887,0.3682165455694585,0.25806290258639925,0.4508323102512696,0.4642316028511722,0.3186948829107269,1.045401277717244,0.9333063986597568,1.0756555060841022,1.0999999999999996,1.0999999999999996,1.0999999999999999,0.0,3376.6565077683517,0.0,7164.068157699098,180.74128331429483,576.0,-3392.152933245041,5,1686,0,0,0,0,0,True
static_opf_1.10_forecast,43,288,562,124,438,0.2206405693950178,0.7793594306049823,0.320304964313686,0.3211062091239052,0.2614911039453369,0.428001584750729,0.43079287721753173,0.3165486566425212,0.9124390908529852,0.8268187824770759,1.0479906293556165,1.0999999999999996,1.0999999999999996,1.0999999999999999,0.0,3214.8854696016906,0.0,1659.2015052608049,107.22994766713171,576.0,2024.4540166737543,6,438,0,0,0,0,0,True
static_opf_1.10_forecast,44,288,891,129,762,0.1447811447811448,0.8552188552188552,0.35812364901417637,0.3394728548842802,0.28218319742396475,0.47523352427472043,0.4294820105279572,0.350228786408438,0.9331757860922669,0.8246358068029329,1.0815265584532037,1.0999999999999999,1.0999999999999999,1.0999999999999999,0.0,3239.127936675679,0.0,2878.4488853725134,135.30030684902655,576.0,801.378744454139,5,762,0,0,0,0,0,True
static_opf_1.10_forecast,45,288,632,140,492,0.22151898734177214,0.7784810126582279,0.3470456840471052,0.33431988989373146,0.25720015807445723,0.4578780998749341,0.42828339910694524,0.3093340569500985,0.9641987518296722,0.8503220552552011,1.051866433284214,1.0999999999999996,1.0999999999999996,1.0999999999999999,0.0,3458.847559610302,0.0,1850.7746423253793,124.89045677745274,576.0,2059.18246050747,4,492,0,0,0,0,0,True
static_opf_1.10_forecast,46,288,1303,133,1170,0.10207214121258634,0.8979278587874137,0.34016457212135665,0.3522231177130092,0.25292311911819304,0.47518211500835683,0.47247446975866303,0.30336117987690003,0.9781894209610582,0.8888858937515267,1.0882520666227764,1.0999999999999996,1.0999999999999996,1.0999999999999999,0.0,3217.2975453400536,0.0,4722.379557404395,162.80129679897937,576.0,-1091.8833088633203,5,1170,0,0,0,0,0,True
static_opf_1.10_forecast,47,288,611,121,490,0.19803600654664485,0.8019639934533551,0.3200551719502925,0.3232388518554955,0.2705434899707092,0.5162901181559918,0.48558669298686735,0.40629040488643736,0.8990309837915077,0.8156557646673773,1.1069207293888685,1.0999999999999996,1.0999999999999996,1.0999999999999999,0.0,2665.627657039246,0.0,1826.4542678116102,204.7059519147879,576.0,1210.4674373128478,6,490,0,0,0,0,0,True
static_opf_1.10_forecast,48,288,1296,116,1180,0.08950617283950617,0.9104938271604939,0.3862379070118449,0.3586493564021194,0.2757225914266268,0.5501530904906138,0.4466302273140151,0.36753223632387144,1.0128008642709312,0.8866829564525833,1.0973714465536881,1.0999999999999996,1.0999999999999996,1.0999999999999999,0.0,3047.2050539122147,0.0,4840.039229442673,183.43782676234082,576.0,-1400.2720022927992,5,1180,0,0,0,0,0,True
static_opf_1.10_forecast,49,288,2592,109,2483,0.04205246913580247,0.9579475308641975,0.38104343468774915,0.3775833623260441,0.2624223309804913,0.4847939199350369,0.4568428876349935,0.3124719820646265,1.018030019333442,0.8989336877761132,1.0651937286384963,1.0999999999999994,1.0999999999999994,1.0999999999999999,0.0,2909.397769154935,0.0,10383.734378111105,137.33409614405292,576.0,-7035.670705100223,5,2483,0,0,0,0,0,True
static_opf_1.10_forecast,50,288,597,113,484,0.18927973199329984,0.8107202680067002,0.31403461208218075,0.3086890812474474,0.2781497403611755,0.4772697131854482,0.45429235696174397,0.4457784062399205,0.9153070379728057,0.7929118559246091,1.1194146174502349,1.0999999999999996,1.0999999999999996,1.0999999999999999,0.0,2865.4871642754315,0.0,1892.2339979145818,219.72418302951561,576.0,1329.528983331334,7,484,0,0,0,0,0,True
static_opf_1.10_forecast,51,288,853,104,749,0.12192262602579132,0.8780773739742087,0.304110599635665,0.33354039924773365,0.26107754789797755,0.3846597276281954,0.42588091114195803,0.3276108340586026,0.9216959224942509,0.8377604619343875,1.090092575629716,1.0999999999999999,1.0999999999999999,1.0999999999999999,0.0,2452.457009286788,0.0,3110.958047195715,133.8980307555442,576.0,-216.39906866447117,7,749,0,0,0,0,0,True
static_opf_1.10_forecast,52,288,958,134,824,0.13987473903966596,0.860125260960334,0.34621981567179677,0.35835729670114586,0.25472348344537293,0.4318986182268418,0.50622695001271,0.2943060820471935,0.9322923590968435,0.8808664881418287,1.0684438841315875,1.0999999999999996,1.0999999999999996,1.0999999999999999,0.0,3183.9386597765274,0.0,3326.6826946405363,119.96976355371348,576.0,313.2862015822776,2,824,0,0,0,0,0,True
static_opf_1.10_forecast,53,288,748,111,637,0.1483957219251337,0.8516042780748663,0.3733137247220797,0.3345456457611373,0.28737932524812787,0.541949332226123,0.45702843931965503,0.35692503560498906,0.9896842354057154,0.837374283492196,1.1178352312956767,1.0999999999999994,1.0999999999999994,1.0999999999999999,0.0,2901.9809950333665,0.0,2614.718963622524,236.6600817537743,576.0,626.6019496570682,11,637,0,0,0,0,0,True
static_opf_1.10_forecast,54,288,1001,117,884,0.11688311688311688,0.8831168831168831,0.3629354152702993,0.3631507780047481,0.28142506959619074,0.4980484907582595,0.47244133821621204,0.38043144541508966,0.9768668104321543,0.8725123505047595,1.1159993253513674,1.0999999999999996,1.0999999999999996,1.0999999999999999,0.0,2806.141598161611,0.0,3636.586050699447,213.17088568933195,576.0,-467.615338227168,9,884,0,0,0,0,0,True
static_opf_1.10_forecast,55,288,1023,121,902,0.11827956989247312,0.8817204301075269,0.36394974200111896,0.3489032610016491,0.26195030328943253,0.5783340477501878,0.4814207210596953,0.3516248565630884,0.9969717594878955,0.887837061400456,1.1066686334148796,1.0999999999999996,1.0999999999999996,1.0999999999999999,0.0,3022.250102365896,0.0,3560.673179342327,229.88436127638585,576.0,-192.3074382528172,7,902,0,0,0,0,0,True
static_opf_1.10_forecast,56,288,2710,93,2617,0.034317343173431734,0.9656826568265683,0.3313937850676637,0.3565407516173749,0.23780462038383904,0.4873751728966238,0.46118258628762887,0.3214155420010344,0.9942447504336074,0.9351013020684729,1.0969185973767015,1.0999999999999994,1.0999999999999994,1.0999999999999999,0.0,2189.2300073341084,0.0,10710.168769676839,189.183468312508,576.0,-8134.122230655239,8,2617,0,0,0,0,0,True
static_opf_1.10_forecast,57,288,673,106,567,0.1575037147102526,0.8424962852897474,0.34360650367004286,0.33551035881381647,0.297173504655192,0.49155641535305394,0.486831883562962,0.41371054309584115,0.9188718541614753,0.8101910359065528,1.107217422965113,1.0999999999999996,1.0999999999999996,1.0999999999999999,0.0,2710.7427864828405,0.0,2366.2444502481744,180.3016763246863,576.0,740.1966599099795,7,567,0,0,0,0,0,True
static_opf_1.10_forecast,58,288,597,139,458,0.23283082077051925,0.7671691792294807,0.3260503697053927,0.33559183787979846,0.25208767753679173,0.40931578594157636,0.42434626008798476,0.33819392723100666,0.9011265002744325,0.8501915820691268,1.0462370825793375,1.0999999999999999,1.0999999999999999,1.0999999999999999,0.0,3299.7464450800635,0.0,1768.1740698191938,75.81569241514988,576.0,2031.7566828457195,3,458,0,0,0,0,0,True
static_opf_1.10_forecast,59,288,865,129,736,0.14913294797687862,0.8508670520231214,0.3501578354501972,0.3216161790027831,0.28196839671991825,0.4856438462196913,0.4086403698937786,0.40889086677059444,0.9762993726131172,0.8625383690174868,1.1169553536724106,1.0999999999999999,1.0999999999999999,1.0999999999999999,0.0,3155.5012402514885,0.0,2763.4716631863375,209.6197463724266,576.0,758.4098306927244,6,736,0,0,0,0,0,True
static_opf_1.10_forecast,60,288,762,122,640,0.16010498687664043,0.8398950131233596,0.3459603900759648,0.3358027653035888,0.26242829495344594,0.5113374600955946,0.44347502817579953,0.3479081609766587,0.9681305642703661,0.8786804801860927,1.0881917463122666,1.0999999999999996,1.0999999999999996,1.0999999999999999,0.0,2963.359091022312,0.0,2497.865344446968,171.2186759144621,576.0,870.2750706608819,6,640,0,0,0,0,0,True
static_opf_1.10_forecast,61,288,564,108,456,0.19148936170212766,0.8085106382978723,0.31994373218826655,0.3066861442685084,0.2907610310383244,0.45112793804328516,0.37928328902466046,0.3956353735227816,0.8958668218156247,0.765703255681393,1.0701388883473137,1.0999999999999996,1.0999999999999996,1.0999999999999999,0.0,2640.2094220883173,0.0,1647.7053029766034,115.55230101774077,576.0,1452.9518180939735,5,456,0,0,0,0,0,True
static_opf_1.10_forecast,62,288,2422,116,2306,0.04789430222956235,0.9521056977704376,0.39227329960104296,0.3753483248303665,0.25558719350089004,0.5042820514296564,0.4655714118293282,0.35375277839526603,1.0377168413537123,0.9324073990290667,1.1124825148358362,1.0999999999999996,1.0999999999999996,1.0999999999999999,0.0,3033.959948075828,0.0,9286.406253242993,244.51033302787144,576.0,-5920.956638195036,5,2306,0,0,0,0,0,True
static_opf_1.10_forecast,63,288,914,124,790,0.13566739606126915,0.8643326039387309,0.3461407292768365,0.3404903119935944,0.27011405591553556,0.5293027136848094,0.5286294378453048,0.3736550351418993,0.9784174878697878,0.8961430798684336,1.1276794176762683,1.0999999999999996,1.0999999999999996,1.0999999999999999,0.0,2851.470894694324,0.0,3120.4317465831145,240.85247696866483,576.0,66.18667114254515,7,790,0,0,0,0,0,True
static_opf_1.10_forecast,64,288,569,116,453,0.2038664323374341,0.7961335676625659,0.32247206211997415,0.30869335687623933,0.270421012286027,0.4470236246735895,0.42512777420959685,0.3460632130386486,0.8974910941539324,0.7858795473869488,1.092242450190229,1.0999999999999996,1.0999999999999996,1.0999999999999999,0.0,2801.3440517823997,0.0,1716.3478695711613,185.69808352430272,576.0,1475.2980986869352,6,453,0,0,0,0,0,True
static_opf_1.10_forecast,65,288,685,119,566,0.17372262773722627,0.8262773722627738,0.36366747131715427,0.33182487417831763,0.2862801768039647,0.6029241625425097,0.41265590867188734,0.43202373977152914,0.9337975357428705,0.8457348062298682,1.1088200021464778,1.0999999999999996,1.0999999999999996,1.0999999999999999,0.0,2864.7933748205105,0.0,2290.174008253147,189.1889240450747,576.0,961.430442522289,5,566,0,0,0,0,0,True
static_opf_1.10_forecast,66,288,1049,119,930,0.11344137273593899,0.886558627264061,0.3725008237497281,0.3411732348318378,0.267085889695136,0.5187133794933337,0.46798284048224287,0.3291259943070404,0.9873715611373145,0.8491522994855148,1.0938566580213174,1.0999999999999996,1.0999999999999996,1.0999999999999999,0.0,3025.116084024412,0.0,3563.337235420895,180.2995959008909,576.0,-142.520747297374,8,930,0,0,0,0,0,True
static_opf_1.10_forecast,67,288,630,129,501,0.20476190476190476,0.7952380952380952,0.29381885417613385,0.29732141439024085,0.26934065913185384,0.3922685974634042,0.37571204704515315,0.36126231564089867,0.8556281089575429,0.7844724371724666,1.0512342315030265,1.0999999999999999,1.0999999999999999,1.0999999999999999,0.0,2955.6080680020805,0.0,1984.7415083106387,90.09059685293118,576.0,1456.7759628385102,5,501,0,0,0,0,0,True
static_opf_1.10_forecast,68,288,1175,133,1042,0.11319148936170213,0.8868085106382979,0.37447531977538406,0.3773279157677546,0.29621903748658174,0.4680827329108786,0.46309562466635007,0.4725457186307654,1.0048277253841453,0.9028355359237131,1.123986537868512,1.0999999999999996,1.0999999999999996,1.0999999999999999,0.0,3342.097036806173,0.0,4215.508951245518,219.83248185393666,576.0,-517.2443962932817,6,1042,0,0,0,0,0,True
static_opf_1.10_forecast,69,288,1989,117,1872,0.058823529411764705,0.9411764705882353,0.3882360521789385,0.3766018710829297,0.2557310805788451,0.5170043563830132,0.44585959120751756,0.32051247550203954,1.036619501520905,0.9280179222207967,1.0970309808364014,1.0999999999999996,1.0999999999999996,1.0999999999999999,0.0,2934.2282730979637,0.0,7810.149875877773,196.23056514819586,576.0,-4496.152167928006,6,1872,0,0,0,0,0,True
static_opf_1.10_forecast,70,288,830,129,701,0.15542168674698795,0.844578313253012,0.3429096268236271,0.3526679467482264,0.26017739538820206,0.5111024529473484,0.4495594098238356,0.3484396023876192,0.9475796933392091,0.855180028184265,1.0648457382804724,1.0999999999999999,1.0999999999999999,1.0999999999999999,0.0,3062.5326173342646,0.0,2712.740029903184,108.25610310514924,576.0,817.5364843259315,5,701,0,0,0,0,0,True
static_opf_1.10_forecast,71,288,1585,107,1478,0.06750788643533123,0.9324921135646688,0.36543435601123825,0.35900471071315776,0.26388163586892815,0.4772100718098416,0.4343634264526149,0.3494000725714357,0.9974909892275231,0.8690190238061188,1.0878106542691734,1.0999999999999996,1.0999999999999996,1.0999999999999999,0.0,2798.5575959783264,0.0,6183.948582570082,164.503453714675,576.0,-2973.8944403064306,8,1478,0,0,0,0,0,True
static_opf_1.20_forecast,42,288,1811,130,1681,0.0717835450027609,0.9282164549972391,0.4185518577886758,0.39347589890853146,0.29931552949795953,0.5420391519342752,0.5596795197993152,0.36469934571303103,1.1500762335379682,0.962595980950169,1.1894023743631372,1.2,1.2,1.1999999999999997,0.0,3705.3696600900203,0.0,7077.127555633138,432.81193686581935,576.0,-3228.5698324089367,5,1681,0,0,0,0,0,True
static_opf_1.20_forecast,43,288,562,129,433,0.22953736654804271,0.7704626334519573,0.3443340850531149,0.35204160725570127,0.2841018229694029,0.4630344613289693,0.4591861489337594,0.3319708302054454,1.0005655084010627,0.9101750715559953,1.1420294763524823,1.2000000000000002,1.2000000000000002,1.2,0.0,3229.112061803853,0.0,1667.6792809228052,257.01224665862793,576.0,1880.4205342224197,6,433,0,0,0,0,0,True
static_opf_1.20_forecast,44,288,891,139,752,0.15600448933782268,0.8439955106621774,0.3643419954062048,0.3652359652253527,0.30449558774615243,0.48014130040849823,0.5030929455851986,0.4043618234615511,1.0202272232073752,0.9063282347407606,1.1977576143500208,1.2000000000000002,1.2000000000000002,1.2,0.0,3401.091418426103,0.0,2869.0934060216377,337.5114865866933,576.0,770.4865258177715,5,752,0,0,0,0,0,True
static_opf_1.20_forecast,45,288,632,149,483,0.23575949367088608,0.7642405063291139,0.3616240835660211,0.3557679097284024,0.2862935696249701,0.4596923612033909,0.42736890873967265,0.38452199558548295,1.0573107769538157,0.9189617033165519,1.1613308480243356,1.2000000000000002,1.2000000000000002,1.2,0.0,3716.767599800409,0.0,1815.4015715219211,307.47100960033674,576.0,2169.895018678151,4,483,0,0,0,0,0,True
static_opf_1.20_forecast,46,288,1303,147,1156,0.1128165771297007,0.8871834228702993,0.3756859657221248,0.377646498342511,0.272629596314716,0.48228611056186566,0.4911092956429561,0.3223534839406106,1.074718156610002,0.965573179315025,1.177225047317045,1.2,1.2,1.1999999999999997,0.0,3670.414811932078,0.0,4622.853901828607,352.56214187273446,576.0,-729.0012317692639,5,1156,0,0,0,0,0,True
static_opf_1.20_forecast,47,288,611,130,481,0.2127659574468085,0.7872340425531915,0.331410951120815,0.34392320365219564,0.307030660643034,0.5357590508763064,0.5342678510011716,0.44960507678381195,0.9532090565160859,0.8562837622653858,1.2142955899135544,1.2,1.2,1.1999999999999997,0.0,2947.015283126214,0.0,1792.9510797051198,339.9325080663696,576.0,1390.1316953547243,6,481,0,0,0,0,0,True
static_opf_1.20_forecast,48,288,1296,125,1171,0.09645061728395062,0.9035493827160493,0.4049417484201627,0.38097911785447,0.2898674073716656,0.6005972882523817,0.49152314595152724,0.3646068162656873,1.0665323124801998,0.9464345156188906,1.1836551506104418,1.1999999999999993,1.1999999999999993,1.2,0.0,3063.4867579606785,0.0,4855.405632062431,340.9814797775132,576.0,-1556.9003538792667,5,1170,0,1,0,0,0,True
static_opf_1.20_forecast,49,288,2592,123,2469,0.047453703703703706,0.9525462962962963,0.40876620677353803,0.4142789065701805,0.2843321848607547,0.5034903816529347,0.5065107834977863,0.32517897482260577,1.1061614160959594,0.9888163402807856,1.1704285644434265,1.1999999999999995,1.1999999999999995,1.1999999999999997,0.0,3276.7379197985433,0.0,10313.514534859787,370.3084777968454,576.0,-6831.085092858089,5,2469,0,0,0,0,0,True
static_opf_1.20_forecast,50,288,597,120,477,0.20100502512562815,0.7989949748743719,0.35504654819393466,0.34372766561428925,0.3029855998241049,0.5061552307473499,0.5051913787863535,0.4579086307364949,0.9987643343352841,0.8623861322269689,1.2044777784693788,1.1999999999999997,1.1999999999999997,1.2,0.0,3125.3073804674495,0.0,1829.035388883677,347.5735234300229,576.0,1524.6984681537497,7,477,0,0,0,0,0,True
static_opf_1.20_forecast,51,288,853,120,733,0.1406799531066823,0.8593200468933178,0.37255403657100244,0.36739675681076545,0.29115613608740076,0.49376036555295333,0.5192990633706439,0.35562717899322943,1.033299329889035,0.9084076206894822,1.1929817572977568,1.1999999999999997,1.1999999999999997,1.1999999999999997,0.0,2985.3933214790004,0.0,2994.2632936426444,327.4355795677071,576.0,239.69444826864876,7,733,0,0,0,0,0,True
static_opf_1.20_forecast,52,288,958,147,811,0.1534446764091858,0.8465553235908142,0.3685800686856224,0.36172097118052676,0.273803910992098,0.5050273643020774,0.4494957559290456,0.3301544964024554,1.0149972926361055,0.9382988148971643,1.1692614209532428,1.2,1.2,1.1999999999999997,0.0,3597.172539469379,0.0,3242.545855274468,305.43200062264793,576.0,625.1946835722629,2,811,0,0,0,0,0,True
static_opf_1.20_forecast,53,288,748,112,636,0.1497326203208556,0.8502673796791443,0.4246959094795023,0.35630398413552555,0.3235570728783848,0.5698669717511351,0.46520991968278785,0.3917056178603362,1.0654299447559632,0.8742206415468277,1.201938053274086,1.1999999999999997,1.1999999999999997,1.2,0.0,3034.9105915489963,0.0,2588.857871365418,369.6224127186516,576.0,652.4303074649275,11,636,0,0,0,0,0,True
static_opf_1.20_forecast,54,288,1001,122,879,0.12187812187812187,0.8781218781218781,0.404174729606853,0.38987876346839573,0.31723087482395845,0.5135109439077111,0.46981791771278275,0.39175558353084294,1.0607399874025203,0.9368048313343024,1.2060010448309284,1.1999999999999995,1.1999999999999995,1.1999999999999997,0.0,3088.7025824065986,0.0,3579.672514516309,394.74360248176276,576.0,-309.71353459147315,9,879,0,0,0,0,0,True
static_opf_1.20_forecast,55,288,1023,131,892,0.12805474095796676,0.8719452590420332,0.3831396523860896,0.38083100235156336,0.28647852154775283,0.570320102117242,0.534048287315059,0.3967198670939415,1.0756834836863878,0.9837307790708353,1.2148292038046389,1.2,1.2,1.2,0.0,3118.111300100579,0.0,3563.88769833502,439.2956838145028,576.0,-309.0720820489444,7,892,0,0,0,0,0,True
static_opf_1.20_forecast,56,288,2710,105,2605,0.03874538745387454,0.9612546125461254,0.38513804568096077,0.3933396109398213,0.2689570181239334,0.5325658598040941,0.5188050776803623,0.3446886847344745,1.1336756700674075,1.0272479643984513,1.2112646423395534,1.1999999999999997,1.1999999999999997,1.1999999999999997,0.0,2541.838753157544,0.0,10636.807799793101,450.2176878365316,576.0,-7969.186734472089,8,2605,0,0,0,0,0,True
static_opf_1.20_forecast,57,288,673,116,557,0.1723625557206538,0.8276374442793462,0.38412847462118127,0.3632139902482716,0.32981146323503857,0.6043917322141362,0.512379434739992,0.45347339148751015,1.0240281396102113,0.8647709288051959,1.2001293630240202,1.1999999999999995,1.1999999999999995,1.2,0.0,3243.813994667942,0.0,2243.170646933452,366.93642573024647,576.0,1209.7069220042436,7,557,0,0,0,0,0,True
static_opf_1.20_forecast,58,288,597,144,453,0.24120603015075376,0.7587939698492462,0.3754473404068811,0.35588356983546976,0.3032352684409348,0.4731491631624911,0.4459305416425435,0.3743525882228973,0.9947444103706408,0.8728817894735577,1.1415998030525765,1.2,1.2,1.2,0.0,3545.7241337769797,0.0,1725.4557601164177,226.99106930714473,576.0,2169.277304353417,3,453,0,0,0,0,0,True
static_opf_1.20_forecast,59,288,865,132,733,0.15260115606936417,0.8473988439306358,0.4128562422592372,0.3675998370934786,0.31802794597787043,0.5435653408089586,0.488892748543094,0.4515819289268393,1.096187310849234,0.9431834789939784,1.22250667209066,1.2,1.2,1.2,0.0,3334.468137791851,0.0,2730.288085350999,422.18967396845585,576.0,757.9903784723962,6,733,0,0,0,0,0,True
static_opf_1.20_forecast,60,288,762,135,627,0.17716535433070865,0.8228346456692913,0.37905523625848425,0.35684412135961135,0.28224758061731126,0.535208195292704,0.48560476660943214,0.35295369342680505,1.0747009690807328,0.9494956228019108,1.1916088951137516,1.2,1.2,1.2,0.0,3335.9015895234543,0.0,2427.831937568507,371.5870828665684,576.0,1112.4825690883783,6,627,0,0,0,0,0,True
static_opf_1.20_forecast,61,288,564,112,452,0.19858156028368795,0.8014184397163121,0.3691702063073374,0.32831207993921546,0.32397098755776316,0.5038435657431158,0.4156225216185167,0.43523650415413595,0.9777126097077632,0.8113698301311899,1.1749506246457777,1.1999999999999997,1.1999999999999997,1.2,0.0,2764.1794410440125,0.0,1630.829640223159,265.0576720745065,576.0,1444.2921287463469,5,452,0,0,0,0,0,True
static_opf_1.20_forecast,62,288,2422,122,2300,0.05037159372419488,0.9496284062758051,0.42356647330719255,0.41671037055923826,0.2800228316704919,0.584802034858721,0.5935847155147032,0.37758450488571565,1.1178170454162313,1.0348441834680686,1.2135270276832966,1.1999999999999995,1.1999999999999995,1.1999999999999997,0.0,3103.8146662471863,0.0,9282.002042358066,468.39340800901846,576.0,-6070.580784119897,5,2300,0,0,0,0,0,True
static_opf_1.20_forecast,63,288,914,142,772,0.15536105032822758,0.8446389496717724,0.38758184223983777,0.3747319808753082,0.2921617256193556,0.5812858255059439,0.5281690027869058,0.40107941627245863,1.0543328168686887,0.9697827508767216,1.2191311005910939,1.2,1.2,1.2,0.0,3302.6512297147865,0.0,3019.8411764676753,394.32469839675286,576.0,464.48535485035825,7,772,0,0,0,0,0,True
static_opf_1.20_forecast,64,288,569,115,454,0.20210896309314588,0.7978910369068541,0.33052110059848067,0.32095821557512355,0.29134894819889756,0.45306779243622236,0.40571018690560684,0.3639945209281863,0.9373371459028105,0.8248833795109537,1.1692767261937247,1.1999999999999995,1.1999999999999995,1.2,0.0,2815.5283648570485,0.0,1723.229353124078,272.5937979294887,576.0,1395.705213803482,6,454,0,0,0,0,0,True
static_opf_1.20_forecast,65,288,685,122,563,0.1781021897810219,0.8218978102189781,0.38384652335722197,0.3626855187194958,0.31186042050713414,0.6219957640886267,0.49665943707985455,0.44913238210531536,0.9962249237623522,0.9171813442363896,1.1950286436984858,1.1999999999999995,1.1999999999999995,1.2,0.0,2986.5324554030594,0.0,2270.7985925520948,332.3919056664615,576.0,959.341957184503,5,563,0,0,0,0,0,True
static_opf_1.20_forecast,66,288,1049,126,923,0.12011439466158245,0.8798856053384175,0.36095062727482247,0.35136112252618873,0.28959849329112025,0.4573068244286256,0.4516039076815639,0.3553586764895983,1.0364910519593027,0.8999443366104999,1.1869764387663488,1.1999999999999993,1.1999999999999993,1.1999999999999997,0.0,3007.8760559215657,0.0,3584.966487590947,305.27417304123463,576.0,-306.3646047106166,8,923,0,0,0,0,0,True
static_opf_1.20_forecast,67,288,630,145,485,0.23015873015873015,0.7698412698412699,0.3382021972130015,0.3398268654625547,0.3021481090786042,0.4347699386256341,0.40805278434524495,0.38564294257274784,0.9556215422011631,0.8633449881163363,1.1507897640613491,1.2,1.2,1.2,0.0,3366.1513957269153,0.0,1906.184947403314,218.16233011655115,576.0,1817.80411820705,5,485,0,0,0,0,0,True
static_opf_1.20_forecast,68,288,1175,151,1024,0.12851063829787235,0.8714893617021277,0.4232773313124894,0.41600742014774156,0.31309486045299734,0.5272279314272271,0.512138429582588,0.4881488808483457,1.1134007403307216,0.9824629425088413,1.2167887306241474,1.2,1.2,1.1999999999999997,0.0,3873.9920501695588,0.0,4115.3545805908425,434.17126940480784,576.0,-99.53379982609135,6,1024,0,0,0,0,0,True
static_opf_1.20_forecast,69,288,1989,120,1869,0.06033182503770739,0.9396681749622926,0.40806227395075495,0.39362611298704486,0.2791567311415954,0.5311077188138992,0.45399157059640555,0.33035034401129665,1.121503400010663,0.9832258492073175,1.1806396868611133,1.1999999999999997,1.1999999999999997,1.1999999999999997,0.0,3177.993716908516,0.0,7763.780494378085,386.72712462959737,576.0,-4396.513902099166,6,1869,0,0,0,0,0,True
static_opf_1.20_forecast,70,288,830,131,699,0.1578313253012048,0.8421686746987952,0.39465473337067203,0.38177009808625884,0.2958732540623268,0.5626235274722684,0.48242084454201306,0.38041936223652195,1.0506362803088234,0.9112512255389736,1.1619542072018758,1.2,1.2,1.2,0.0,3250.0898757950463,0.0,2676.7956123884474,276.9302276084496,576.0,872.3640357981492,5,699,0,0,0,0,0,True
static_opf_1.20_forecast,71,288,1585,121,1464,0.07634069400630915,0.9236593059936908,0.3695599509171868,0.38637626781820117,0.29243085154971854,0.46135113608002076,0.48190277358712863,0.3863465607207906,1.0632427947418772,0.9684037075799482,1.2114019009160044,1.1999999999999997,1.1999999999999997,1.1999999999999997,0.0,2978.939534993306,0.0,6158.715691562455,382.03027960059285,576.0,-2985.8064361697407,8,1464,0,0,0,0,0,True
static_opf_1.30_forecast,42,288,1811,144,1667,0.07951408061844285,0.9204859193815571,0.4516306816755979,0.4293241048277068,0.29933284710080854,0.5532123687568566,0.5624489306965905,0.3775818453478209,1.237761640347143,1.0690106738755798,1.2721623397870336,1.3,1.3,1.3000000000000003,0.0,4001.545416579532,0.0,7027.572868008547,670.9491651838939,576.0,-3120.976616612909,5,1667,0,0,0,0,0,True
static_opf_1.30_forecast,43,288,562,131,431,0.23309608540925267,0.7669039145907474,0.387806763140294,0.3680043675929016,0.32646723645076225,0.5447392975016583,0.49119468551114887,0.406726587539684,1.078498909044927,0.9453491907687585,1.2602107915793046,1.3,1.3,1.3,0.0,3424.6290375921435,0.0,1632.654337084704,462.7910094353315,576.0,1905.1836910721083,6,431,0,0,0,0,0,True
static_opf_1.30_forecast,44,288,891,136,755,0.1526374859708193,0.8473625140291807,0.4152825915700106,0.3935573849790209,0.35143204356595614,0.5806458754668535,0.4999210218758299,0.4262914344068512,1.0613979465434153,0.9449313646630324,1.2925222071109477,1.3,1.3,1.3,0.0,3454.4017023986617,0.0,2857.1199445354587,470.1640568663129,576.0,703.1177009968904,5,755,0,0,0,0,0,True
static_opf_1.30_forecast,45,288,632,152,480,0.24050632911392406,0.759493670886076,0.4061544769673999,0.3842385002409752,0.30952005926275095,0.5020693360952757,0.45983996415635997,0.40800083914270974,1.138095870933792,1.0045343706865681,1.2535670143018285,1.3,1.3,1.3,0.0,3680.377071043639,0.0,1827.6667732127264,512.0536432059466,576.0,1916.656654624966,4,480,0,0,0,0,0,True
static_opf_1.30_forecast,46,288,1303,157,1146,0.1204911742133538,0.8795088257866462,0.4323276786605377,0.43507608177310564,0.31124776296368817,0.5744383600011436,0.5937649825624964,0.36540480504093603,1.2021920080903408,1.0699539883528435,1.285038178745065,1.3,1.3,1.3000000000000003,0.0,3970.9425697689094,0.0,4575.361804109847,656.3004373555827,576.0,-684.7196716965203,5,1141,0,5,0,0,0,True
static_opf_1.30_forecast,47,288,611,142,469,0.23240589198036007,0.7675941080196399,0.3821408729985006,0.3767368638693536,0.32632880083872035,0.5159459091591316,0.5156742693643638,0.47488900119288185,1.077566350788246,0.9564318260220739,1.3019055684154357,1.3,1.3,1.3000000000000003,0.0,3118.9092687097295,0.0,1763.9147984732201,524.1591838533186,576.0,1406.8352863831908,6,466,0,3,0,0,0,True
static_opf_1.30_forecast,48,288,1296,139,1157,0.10725308641975309,0.8927469135802469,0.45351924773948027,0.4272323710861763,0.3464094816165737,0.6322386291288355,0.5491568210181184,0.4820309233745268,1.1895730685266526,1.0428609017437247,1.2946239889432956,1.2999999999999998,1.2999999999999998,1.3,0.0,3524.3295977416155,0.0,4763.531575097744,622.7811446065459,576.0,-1285.9831219626742,5,1155,0,2,0,0,0,True
static_opf_1.30_forecast,49,288,2592,130,2462,0.05015432098765432,0.9498456790123457,0.43179440125179624,0.4144764189964128,0.30497795963016866,0.5291539757017083,0.49577759271218386,0.35932204913909604,1.217931456704074,1.0517488096761736,1.2685555547593357,1.3,1.3,1.3000000000000003,0.0,3593.955202208106,0.0,10240.232212896486,640.5014179944392,576.0,-6710.778428682819,5,2462,0,0,0,0,0,True
static_opf_1.30_forecast,50,288,597,130,467,0.21775544388609716,0.7822445561139029,0.36753666541326596,0.35499683114504776,0.32362756958187155,0.5117092112821234,0.4991174858593547,0.4692970428923784,1.0580592030826983,0.9184050387885628,1.2959180689100889,1.3,1.3,1.3,0.0,3380.4015409080307,0.0,1799.2957698719542,510.76221100353735,576.0,1646.3435600325392,7,467,0,0,0,0,0,True
static_opf_1.30_forecast,51,288,853,125,728,0.14654161781946073,0.8534583821805393,0.3992095440328326,0.39484736786923746,0.3277826438407288,0.5168814549864308,0.5094293133424312,0.4140742416350574,1.1245857449846293,0.9865413698872779,1.2995427320623105,1.3000000000000007,1.3000000000000007,1.3000000000000003,0.0,3191.676949242889,0.0,2970.534682932461,540.1802539051508,576.0,256.9620124052768,7,728,0,0,0,0,0,True
static_opf_1.30_forecast,52,288,958,163,795,0.17014613778705637,0.8298538622129437,0.41735163730877844,0.4270522603695095,0.301943973495612,0.5461525799223663,0.5321349100535887,0.3516231956223605,1.1082216341422129,1.0278061273983026,1.252190107115273,1.3000000000000003,1.3000000000000003,1.3000000000000003,0.0,3953.633232588816,0.0,3181.1060490706122,519.4667394907519,576.0,829.060444027452,2,795,0,0,0,0,0,True
static_opf_1.30_forecast,53,288,748,122,626,0.16310160427807488,0.8368983957219251,0.43282293419068607,0.3824685095602525,0.3492014899846647,0.626123615460125,0.4978192061825013,0.44513483046171815,1.1664498187489138,0.9616849193741004,1.3158449697145405,1.3000000000000005,1.3000000000000005,1.3,0.0,3291.4246673469947,0.0,2542.637755110185,620.0606243375477,576.0,704.7262878992619,11,624,0,2,0,0,0,True
static_opf_1.30_forecast,54,288,1001,122,879,0.12187812187812187,0.8781218781218781,0.41561985817804914,0.42222533870534523,0.3409665288337448,0.5136477982846385,0.5202675149337548,0.43100622346645745,1.1161484037295533,1.0138045759932306,1.3113158354560415,1.3000000000000005,1.3000000000000005,1.3000000000000003,0.0,3050.067374415253,0.0,3596.4573222207237,591.8225689489145,576.0,-562.2125167543846,9,878,0,1,0,0,0,True
static_opf_1.30_forecast,55,288,1023,142,881,0.13880742913000976,0.8611925708699902,0.41650602875444903,0.39673635062435936,0.3217544788236235,0.6675146900988869,0.5985930037877436,0.44114793914987366,1.1335582252894163,0.9990133003791715,1.3147814893549488,1.3,1.3,1.3,0.0,3478.7015083176557,0.0,3494.1214679052755,605.427733332446,576.0,-44.847692920065754,7,880,0,1,0,0,0,True
static_opf_1.30_forecast,56,288,2710,112,2598,0.041328413284132844,0.9586715867158672,0.42866402410095866,0.4446858689466702,0.3069782357386821,0.5650655759041304,0.5699408367673267,0.4165190176173727,1.211980796743153,1.0889073358713743,1.3099220778973937,1.3000000000000003,1.3000000000000003,1.3000000000000003,0.0,2920.4813000067766,0.0,10559.735314278569,726.885481315778,576.0,-7790.139495587569,8,2592,0,6,0,0,0,True
static_opf_1.30_forecast,57,288,673,122,551,0.1812778603268945,0.8187221396731055,0.4000860305906611,0.39856528686811954,0.34753745430832844,0.5579610378216339,0.5645847592842339,0.46867844024468835,1.087859110028476,0.9502449269148975,1.2927000602967864,1.3000000000000005,1.3000000000000005,1.3,0.0,3281.455648259409,0.0,2256.8457430103854,526.5311185523743,576.0,1074.0787866966493,7,551,0,0,0,0,0,True
static_opf_1.30_forecast,58,288,597,146,451,0.24455611390284757,0.7554438860971524,0.40701789469084115,0.39393126166092757,0.3216817228798656,0.5856848856854645,0.5014554532084584,0.399053729188553,1.0702804613386416,0.944433655879359,1.2356388925938229,1.3,1.3,1.3,0.0,3666.560334445384,0.0,1701.4333896121739,412.1497442014728,576.0,2128.977200631737,3,451,0,0,0,0,0,True
static_opf_1.30_forecast,59,288,865,149,716,0.1722543352601156,0.8277456647398844,0.4327861076448108,0.40145501503890463,0.3325174360097056,0.5313830310846137,0.5130798878954346,0.4860273743948312,1.1951027950372473,1.0209328951934757,1.3189047102812639,1.2999999999999998,1.2999999999999998,1.3,0.0,3829.708968940184,0.0,2630.675395406094,670.3380297432989,576.0,1104.6955437907911,6,716,0,0,0,0,0,True
static_opf_1.30_forecast,60,288,762,128,634,0.1679790026246719,0.8320209973753281,0.37924189872631886,0.3665956946720952,0.3340954858792483,0.4984381191356761,0.49871715674761025,0.40569705637688547,1.0907419187813754,0.9618588785130507,1.297642305297111,1.3000000000000003,1.3000000000000003,1.3,0.0,3198.321178421118,0.0,2472.4254695502214,523.467850697831,576.0,778.4278581730657,6,634,0,0,0,0,0,True
static_opf_1.30_forecast,61,288,564,138,426,0.24468085106382978,0.7553191489361702,0.38181832542575944,0.37398904748482653,0.33479941454342427,0.5091297475509413,0.5179080227939675,0.4647356633084324,1.0885910111665025,0.9556822765668286,1.290763421404086,1.3,1.3,1.3,0.0,3273.23538799791,0.0,1557.0326679696987,528.9802558765157,576.0,1763.2224641516955,5,426,0,0,0,0,0,True
static_opf_1.30_forecast,62,288,2422,132,2290,0.054500412881915775,0.9454995871180842,0.44809534515836763,0.44364146852672054,0.3051080859003528,0.6494713583135342,0.6088286516504183,0.4221661313962219,1.222357560620478,1.110523695337372,1.3173128900619282,1.3,1.3,1.3000000000000003,0.0,3291.0716431233195,0.0,9251.750217942992,743.1772771086983,576.0,-6127.855851928371,5,2287,0,3,0,0,0,True
static_opf_1.30_forecast,63,288,914,140,774,0.15317286652078774,0.8468271334792122,0.4194243084051875,0.401424731600537,0.33137902328482155,0.6938123764830235,0.596376298214849,0.45492931258051655,1.1449299888700137,1.0343290912710377,1.3405282821711895,1.3,1.3,1.3,0.0,3341.7898075753656,0.0,3024.1179268126266,664.5652559725,576.0,229.10662479023864,7,774,0,0,0,0,0,True
static_opf_1.30_forecast,64,288,569,133,436,0.23374340949033393,0.7662565905096661,0.3682341612194169,0.3521239977844566,0.3291018388947783,0.4876695276836464,0.5058292137571865,0.4773148513126239,1.0336008009638924,0.9099369935754198,1.3000808260779795,1.2999999999999998,1.2999999999999998,1.3,0.0,3077.324544433933,0.0,1685.9750870714363,497.2826630185126,576.0,1470.066794343984,6,436,0,0,0,0,0,True
static_opf_1.30_forecast,65,288,685,139,546,0.2029197080291971,0.7970802919708029,0.4188638990441251,0.3983352353534888,0.3381063156331541,0.6683229879583904,0.5488508793213452,0.46379521580484806,1.094748005618313,0.9950297778896733,1.2926806543971847,1.2999999999999998,1.2999999999999998,1.3,0.0,3397.9019155174938,0.0,2195.864651923376,540.1658668495835,576.0,1237.8713967445337,5,546,0,0,0,0,0,True
static_opf_1.30_forecast,66,288,1049,139,910,0.1325071496663489,0.8674928503336511,0.4264707986001138,0.3973122365016767,0.32431477914800344,0.5325454863014332,0.5302370962568788,0.38887613739599686,1.1634630675420885,0.9935561685393465,1.2962423510724768,1.2999999999999998,1.2999999999999998,1.3000000000000003,0.0,3556.4552701605326,0.0,3467.106172921445,585.2108539070429,576.0,80.13824333204536,8,910,0,0,0,0,0,True
static_opf_1.30_forecast,67,288,630,148,482,0.23492063492063492,0.765079365079365,0.36258612371604,0.35984155134329165,0.33054108028396073,0.49927217376577,0.44814942556397697,0.42937478628669845,1.018832936590722,0.9178610330256866,1.2533289289424094,1.3,1.3,1.3,0.0,3416.5024131653067,0.0,1919.6687065865208,375.9652077307087,576.0,1696.8684988480773,5,482,0,0,0,0,0,True
static_opf_1.30_forecast,68,288,1175,151,1024,0.12851063829787235,0.8714893617021277,0.43356044076643774,0.4283577155996656,0.35124238301072175,0.5457172677717356,0.5275428764279144,0.5363486427582765,1.183692501552516,1.0459422105746636,1.3336346133091188,1.3,1.3,1.3000000000000003,0.0,3808.7808684843367,0.0,4146.7868526502225,677.1907615183875,576.0,-439.19674568427405,6,1020,0,4,0,0,0,True
static_opf_1.30_forecast,69,288,1989,138,1851,0.0693815987933635,0.9306184012066365,0.4501300992987892,0.4279507026738798,0.3045927203464337,0.6176058665503863,0.5219954490521853,0.3919543611712739,1.1973162426367003,1.060846839238946,1.2829572843438208,1.3,1.3,1.3000000000000003,0.0,3487.6282827561045,0.0,7701.166374144186,655.1116461388734,576.0,-4292.649737526955,6,1851,0,0,0,0,0,True
static_opf_1.30_forecast,70,288,830,145,685,0.1746987951807229,0.8253012048192772,0.4002716352774449,0.4123692875473062,0.3043795846440845,0.5665985876839879,0.5335049597923366,0.38977659842558343,1.1203821331898587,1.0123546112148238,1.259430585193901,1.3,1.3,1.3,0.0,3480.725381949749,0.0,2646.80618440775,501.2926570099788,576.0,908.6265405320199,5,685,0,0,0,0,0,True
static_opf_1.30_forecast,71,288,1585,135,1450,0.08517350157728706,0.9148264984227129,0.41560748077925785,0.4110883259607425,0.31176348368635654,0.5510427872291694,0.5367220131090935,0.40969567029130566,1.1738297007575889,1.029600043384157,1.3140398628782703,1.3,1.3,1.3000000000000003,0.0,3361.3309894968406,0.0,6095.831100276175,638.3477160687769,576.0,-2796.847826848111,8,1450,0,0,0,0,0,True
static_opf_1.40_forecast,42,288,1811,154,1657,0.08503589177250138,0.9149641082274986,0.503944673286288,0.46791472576447035,0.32750475010082414,0.5934331126351451,0.6058487740505019,0.4077253891336269,1.3410391603555396,1.1489150092071176,1.3918356682743784,1.4000000000000001,1.4000000000000001,1.4000000000000001,0.0,4103.095188608028,0.0,7020.779893440265,986.8964351365969,576.0,-3328.581139968834,5,1657,0,0,0,0,0,True
static_opf_1.40_forecast,43,288,562,141,421,0.2508896797153025,0.7491103202846975,0.433555353045374,0.3968115465237329,0.3584605367250371,0.5843997140736268,0.5236558916952797,0.4655533428272006,1.1774152429137368,1.0079554283649728,1.3691952693444402,1.4000000000000001,1.4000000000000001,1.4000000000000001,0.0,3743.6519889079464,0.0,1570.6054001873397,716.0718515593469,576.0,2032.9747371612593,6,421,0,0,0,0,0,True
static_opf_1.40_forecast,44,288,891,151,740,0.16947250280583614,0.8305274971941639,0.42042551182969645,0.4198000768723061,0.3671534200084986,0.569510706539074,0.5458769009349543,0.4594237496763714,1.1452609450880773,1.036722242250317,1.3960153523636905,1.4000000000000004,1.4000000000000004,1.4000000000000001,0.0,3772.307305802069,0.0,2820.4490464118594,721.1462739666847,576.0,806.7119854235252,5,740,0,0,0,0,0,True
static_opf_1.40_forecast,45,288,632,167,465,0.26424050632911394,0.7357594936708861,0.47033357683988114,0.42418081278629544,0.349158515556986,0.5708815785309935,0.5223611995212887,0.4526046920166534,1.2506225289329989,1.0678348027633122,1.3565799805951597,1.4000000000000004,1.4000000000000004,1.4000000000000001,0.0,4336.146739970447,0.0,1698.7508830503896,788.0859390417863,576.0,2425.3099178782713,4,465,0,0,0,0,0,True
static_opf_1.40_forecast,46,288,1303,167,1136,0.1281657712970069,0.8718342287029931,0.41965567330862147,0.42684963816207566,0.32274393043560434,0.5669753441877888,0.5491253700293525,0.3841831766611331,1.2248587751550302,1.1141203748928477,1.3864001098047318,1.4000000000000004,1.4000000000000004,1.4000000000000001,0.0,4100.519768138542,0.0,4562.830221246146,847.1987397778371,576.0,-733.5091928854421,5,1129,0,7,0,0,0,True
static_opf_1.40_forecast,47,288,611,142,469,0.23240589198036007,0.7675941080196399,0.41195424390626545,0.3996828336943461,0.36346715046736494,0.5854408122976195,0.517810403493544,0.5088955467779162,1.1284510742144478,0.9940034482008708,1.4039287823479485,1.4000000000000006,1.4000000000000006,1.4000000000000001,0.0,3272.5151883278522,0.0,1733.126854304971,708.4796254424257,576.0,1406.9087085804554,6,466,0,3,0,0,0,True
static_opf_1.40_forecast,48,288,1296,142,1154,0.1095679012345679,0.8904320987654321,0.48716525391177257,0.4502582814953518,0.34939830427230034,0.6627297618910197,0.5647980192059925,0.44754117676206845,1.2663690977783604,1.103343289746659,1.394070603672443,1.4000000000000006,1.4000000000000006,1.4000000000000001,0.0,3624.3396555215904,0.0,4748.642040470313,870.4987586507101,576.0,-1418.8011435994326,5,1149,0,5,0,0,0,True
static_opf_1.40_forecast,49,288,2592,143,2449,0.055169753086419755,0.9448302469135802,0.48323442251049875,0.48792429701083584,0.34145671010246664,0.5741881788358928,0.5915696107760159,0.41094434873844293,1.317144642165877,1.1486904014380508,1.376162698105037,1.4000000000000004,1.4000000000000004,1.4000000000000001,0.0,3929.9576837881596,0.0,10178.295395732785,947.6137421902444,576.0,-6619.951454134869,5,2449,0,0,0,0,0,True
static_opf_1.40_forecast,50,288,597,138,459,0.23115577889447236,0.7688442211055276,0.3946017553852293,0.37699323867465867,0.3451259216969242,0.5615278641966731,0.5551369454758056,0.47460540492425285,1.1119311732170922,0.9745371949824096,1.3849841212808716,1.4000000000000004,1.4000000000000004,1.4000000000000001,0.0,3461.8824988870347,0.0,1793.8138000277968,679.3417952929981,576.0,1564.72690356624,7,459,0,0,0,0,0,True
static_opf_1.40_forecast,51,288,853,135,718,0.15826494724501758,0.8417350527549824,0.4381376300001315,0.43335317468444284,0.3499838982013932,0.5862776431508712,0.5462157911357746,0.48940520325866166,1.227822574023901,1.0656900407827632,1.3907458244739832,1.4000000000000004,1.4000000000000004,1.4000000000000001,0.0,3505.1239895884705,0.0,2895.6394893344523,812.2916665660448,576.0,373.1928336879733,7,718,0,0,0,0,0,True
static_opf_1.40_forecast,52,288,958,162,796,0.16910229645093947,0.8308977035490606,0.45751590564288314,0.4585794501764562,0.34125291346629577,0.5921971143444608,0.5502311608170877,0.3807428817289361,1.1574025386723268,1.070599132461992,1.3479623208229963,1.4000000000000004,1.4000000000000004,1.4000000000000001,0.0,3975.565125979351,0.0,3193.372234298466,711.2743562463793,576.0,646.9185354345052,2,796,0,0,0,0,0,True
static_opf_1.40_forecast,53,288,748,137,611,0.18315508021390375,0.8168449197860963,0.44652436214832214,0.4114909834137605,0.36350865534414845,0.6063001294517393,0.5430784253445653,0.4766806987108129,1.218652725800177,1.0413440462582366,1.4078107074553814,1.4000000000000001,1.4000000000000001,1.4000000000000001,0.0,3540.8958735801943,0.0,2509.953443836804,815.8957194936803,576.0,791.0467102497101,11,609,0,2,0,0,0,True
static_opf_1.40_forecast,54,288,1001,129,872,0.12887112887112886,0.8711288711288712,0.47082687651685035,0.45612951723029227,0.3852945921731565,0.6074708896862676,0.6158232333985859,0.48412814935102483,1.2298531550588905,1.0619305198487372,1.4201090929584046,1.4000000000000001,1.4000000000000001,1.4000000000000001,0.0,3434.296825443357,0.0,3508.3994235126574,855.3867734313685,576.0,-353.489371500669,9,870,0,2,0,0,0,True
static_opf_1.40_forecast,55,288,1023,141,882,0.1378299120234604,0.8621700879765396,0.4513901079798905,0.41419155871607327,0.3585591111764286,0.7282698402722788,0.5837589538493934,0.46980749171747893,1.1971654078164116,1.0598278577649258,1.419193146972137,1.4000000000000001,1.4000000000000001,1.4000000000000001,0.010416666666666666,3497.2562530497817,3.7307099249177322,3497.8680037807358,824.537383880161,570.0,-258.8798445360332,7,846,0,36,0,0,0,True
static_opf_1.40_forecast,56,288,2710,119,2591,0.043911439114391146,0.9560885608856089,0.47113113388470523,0.4599357234970591,0.33313783334092323,0.6267034877465434,0.5886135674562203,0.4368506130489469,1.288829380742079,1.153448533299383,1.4105574690903278,1.4000000000000001,1.4000000000000001,1.4000000000000001,0.0,3333.3501588451077,0.0,10460.341914459888,973.6150073984643,576.0,-7524.606763013244,8,2581,0,10,0,0,0,True
static_opf_1.40_forecast,57,288,673,129,544,0.19167904903417535,0.8083209509658247,0.4535967748662543,0.40984781868379166,0.38352352528508316,0.6083131964818838,0.5224299438974065,0.5158344165812163,1.1783998127274358,0.9798569552953013,1.3936067335017417,1.4000000000000001,1.4000000000000001,1.4000000000000001,0.0,3596.0547993068,0.0,2191.7114110901584,728.3249395132901,576.0,1252.0184487033512,7,544,0,0,0,0,0,True
static_opf_1.40_forecast,58,288,597,154,443,0.25795644891122277,0.7420435510887772,0.4159670962185257,0.40700365583672454,0.35119209515114985,0.5345446460163489,0.5110336316695917,0.42986487009878627,1.1155191502080757,0.9762024838017221,1.330802138707806,1.4000000000000001,1.4000000000000001,1.4000000000000001,0.0,3822.900673267102,0.0,1685.6713339769244,594.5001990582311,576.0,2118.729140231946,3,443,0,0,0,0,0,True
static_opf_1.40_forecast,59,288,865,154,711,0.17803468208092485,0.8219653179190751,0.46111041601379477,0.4279280922376165,0.37589074434260517,0.6102280297900469,0.5715954384291158,0.5270927279998554,1.2533983316382764,1.067422622705661,1.4205692546322328,1.4000000000000001,1.4000000000000001,1.4000000000000001,0.0,3855.6710670519424,0.0,2645.054081652283,871.7627050544158,576.0,914.8542803452438,6,711,0,0,0,0,0,True
static_opf_1.40_forecast,60,288,762,130,632,0.17060367454068243,0.8293963254593176,0.41746364585514406,0.3776841487918673,0.3667911242467405,0.5456749569807132,0.5209679335168153,0.4758131230320599,1.1894250870980445,1.0140005997772559,1.4139725427766636,1.4000000000000001,1.4000000000000001,1.4000000000000001,0.0,3302.326461213641,0.0,2460.1874755932827,773.3468358324249,576.0,644.7921497879331,6,632,0,0,0,0,0,True
static_opf_1.40_forecast,61,288,564,140,424,0.24822695035460993,0.75177304964539,0.41767679466775387,0.4045543959957243,0.36392437599089206,0.5709717342070523,0.5153864253975537,0.5016052122092283,1.1492398778623993,0.9943384426372772,1.3639714772396954,1.4000000000000004,1.4000000000000004,1.4000000000000001,0.0,3346.2956964096707,0.0,1533.9738013016506,674.094380629753,576.0,1714.227514478267,5,424,0,0,0,0,0,True
static_opf_1.40_forecast,62,288,2422,139,2283,0.0573905862923204,0.9426094137076796,0.5063285997022474,0.49668917680281527,0.3214313495679788,0.6735023955243101,0.6750572221192793,0.4003700407842955,1.3088812709009618,1.1889042297554566,1.3944020166028077,1.4000000000000001,1.4000000000000001,1.4000000000000001,0.0,3658.2224536368785,0.0,9161.759344706836,986.6711876795148,576.0,-5914.208078749472,5,2283,0,0,0,0,0,True
static_opf_1.40_forecast,63,288,914,142,772,0.15536105032822758,0.8446389496717724,0.4392206018653182,0.4113819697333112,0.35541825422930173,0.6773421464965966,0.5864970377525278,0.48900810808909656,1.2071564472972414,1.088006909101245,1.4351405056677033,1.4000000000000006,1.4000000000000006,1.4000000000000001,0.0,3489.690463923091,0.0,3000.073864134493,865.6186003223524,576.0,199.99799946624597,7,772,0,0,0,0,0,True
static_opf_1.40_forecast,64,288,569,146,423,0.2565905096660808,0.7434094903339191,0.4211199902488622,0.38420662490572227,0.3565561430188295,0.6110706989700779,0.5744386390242354,0.5020247001059879,1.1264816542098457,0.9864563439799782,1.4003339212312296,1.4000000000000001,1.4000000000000001,1.4000000000000001,0.0,3558.8108764609306,0.0,1595.5158098248103,715.9313561344419,576.0,1823.3637105016785,6,423,0,0,0,0,0,True
static_opf_1.40_forecast,65,288,685,147,538,0.2145985401459854,0.7854014598540145,0.4466315703366673,0.42145181940839055,0.3663101447843645,0.6433185612120818,0.5343772857366548,0.5300567488563216,1.1875252623263024,1.0446879588536664,1.3646348729916724,1.4000000000000004,1.4000000000000004,1.4000000000000001,0.0,3641.9354564050855,0.0,2138.3890533461054,730.0523372693698,576.0,1349.4940657896107,5,538,0,0,0,0,0,True
static_opf_1.40_forecast,66,288,1049,153,896,0.14585319351763584,0.8541468064823642,0.454473321546921,0.44271582649910524,0.34604182284416,0.5978974347857314,0.5956288671409513,0.41969280098480244,1.2440927527196055,1.090676542783442,1.393444231012189,1.4000000000000004,1.4000000000000004,1.4000000000000001,0.0,3778.3669635126025,0.0,3434.8904065897027,843.7946970035249,576.0,75.68185991937509,8,896,0,0,0,0,0,True
static_opf_1.40_forecast,67,288,630,162,468,0.2571428571428571,0.7428571428571429,0.3994663221453114,0.39644801186031686,0.3682882486994375,0.5055827783701181,0.505376570059713,0.47607969837871966,1.117291070568376,0.9937286439084466,1.348046056783575,1.4000000000000004,1.4000000000000004,1.4000000000000001,0.0,3892.5976577353135,0.0,1831.6941170628434,600.6741633924778,576.0,2036.2293772799926,5,468,0,0,0,0,0,True
static_opf_1.40_forecast,68,288,1175,151,1024,0.12851063829787235,0.8714893617021277,0.4518984558373151,0.4510626292975562,0.3749990649766263,0.5742566708877135,0.5513047741021151,0.5317207940745041,1.2453996892049979,1.0967215326683668,1.4068917990691396,1.4000000000000004,1.4000000000000004,1.4000000000000001,0.0,4049.3822119294286,0.0,4088.090588489973,871.4299672264862,576.0,-334.13834378703075,6,1018,0,6,0,0,0,True
static_opf_1.40_forecast,69,288,1989,147,1842,0.07390648567119155,0.9260935143288085,0.471707329922373,0.46214871155359294,0.32852596405855305,0.6638567225681986,0.5591295775077959,0.43411081120598727,1.2890199374531552,1.1672204245812152,1.3865086708924108,1.4000000000000004,1.4000000000000004,1.4000000000000001,0.0,3771.606362540163,0.0,7657.192990302463,948.2701833129161,576.0,-4257.856811075216,6,1842,0,0,0,0,0,True
static_opf_1.40_forecast,70,288,830,146,684,0.17590361445783131,0.8240963855421687,0.4223998553015065,0.4322186524707392,0.343180418035238,0.588079514703714,0.5455386332414184,0.4226020667994659,1.1983467006357438,1.0670706935703933,1.3678929156488018,1.4000000000000001,1.4000000000000001,1.4000000000000001,0.0,3419.7693957426764,0.0,2682.1144701937687,742.0732612879774,576.0,571.5816642609299,5,684,0,0,0,0,0,True
static_opf_1.40_forecast,71,288,1585,136,1449,0.08580441640378549,0.9141955835962146,0.4624115116535326,0.4640278925183805,0.35363448926184005,0.5994626987245039,0.6396477989511921,0.47310318238587834,1.2664563695463233,1.1150150862594304,1.4110392626699606,1.4000000000000004,1.4000000000000004,1.4000000000000001,0.0,3463.0670108646027,0.0,6071.920330561436,910.9445958188203,576.0,-2943.797915515653,8,1449,0,0,0,0,0,True
static_opf_1.50_forecast,42,288,1811,166,1645,0.09166206515737162,0.9083379348426284,0.5434042499513322,0.49903070412883604,0.3597099610291747,0.6277129311427707,0.5767026565965029,0.4367877571378596,1.4391436871244452,1.2219016869688704,1.4675606636570953,1.5,1.5,1.5,0.0,4770.763512622304,0.0,6863.183713761968,1238.6831604074691,576.0,-2755.103361547133,5,1640,0,5,0,0,0,True
static_opf_1.50_forecast,43,288,562,147,415,0.2615658362989324,0.7384341637010676,0.4450703631855115,0.4176764377698495,0.39549687128828037,0.6183597995352466,0.5633232515877222,0.5682917773262591,1.244173417980008,1.0755396360875211,1.4747792477870294,1.5,1.5,1.5,0.0,3793.005742272894,0.0,1586.1512231903585,958.1908785146009,576.0,1824.663640567935,6,411,0,4,0,0,0,True
static_opf_1.50_forecast,44,288,891,164,727,0.1840628507295174,0.8159371492704826,0.4416455820702267,0.4474527049549742,0.383523918540064,0.5646883747120272,0.5572338690254635,0.4964982976933195,1.2239491387707044,1.090140719227181,1.4808718151227267,1.5,1.5,1.5,0.0,4070.5676147606946,0.0,2758.418477991919,931.4949063803057,576.0,956.6542303884698,5,727,0,0,0,0,0,True
static_opf_1.50_forecast,45,288,632,165,467,0.2610759493670886,0.7389240506329114,0.4577569367576611,0.43563902003266664,0.38105402148945927,0.6062344722845636,0.5563621329377535,0.47192660359017113,1.2807476168935166,1.100453117011231,1.466347072097153,1.5,1.5,1.5,0.0,4285.84113518863,0.0,1733.0334382104004,978.3641380150859,576.0,2150.4435589631435,4,467,0,0,0,0,0,True
static_opf_1.50_forecast,46,288,1303,180,1123,0.13814274750575595,0.861857252494244,0.4838757585458068,0.49031069597749244,0.36379131844833407,0.6458041089524704,0.6225771540239268,0.4498686999605445,1.3285589945815768,1.209841648512407,1.4875258785274543,1.5,1.5,1.5,0.0,4572.317042255863,0.0,4473.328603391805,1140.5809105699273,576.0,-465.5924717058699,5,1120,0,3,0,0,0,True
static_opf_1.50_forecast,47,288,611,153,458,0.25040916530278234,0.7495908346972177,0.43391497928532347,0.4108445343151472,0.38363049243133157,0.5915902022458828,0.5426658178937985,0.5648176327918549,1.1723742461950142,1.0478364789576209,1.4949471970111714,1.5,1.5,1.5,0.0,3392.8466924041268,0.0,1737.234319548991,880.6808485943917,576.0,1350.9315242607443,6,458,0,0,0,0,0,True
static_opf_1.50_forecast,48,288,1296,148,1148,0.11419753086419752,0.8858024691358025,0.5119506817266726,0.46971095980632277,0.37449276471867016,0.7004380301306562,0.5643425569505446,0.4734723315427914,1.3545036866310527,1.1919384076635717,1.496669393278026,1.5,1.5,1.5,0.0,3862.313419067669,0.0,4702.797224521017,1155.2397476040028,576.0,-1419.7235530573516,5,1139,0,9,0,0,0,True
static_opf_1.50_forecast,49,288,2592,152,2440,0.05864197530864197,0.941358024691358,0.5081739923519665,0.4969276313491946,0.35295905273056416,0.6180236955441263,0.5955738867559527,0.41036982027263896,1.3956870628795581,1.2275486548168806,1.4807249929006687,1.5,1.5,1.5,0.0,3985.1402521639384,0.0,10185.105352506394,1214.4978289629698,576.0,-6838.462929305425,5,2440,0,0,0,0,0,True
static_opf_1.50_forecast,50,288,597,140,457,0.23450586264656617,0.7654941373534339,0.42979743491990746,0.400098427006243,0.3739266625080967,0.5892685592352488,0.5515548902302183,0.4732737448898916,1.1666614826710227,1.0057069274936674,1.4609456735566182,1.5,1.5,1.5,0.0,3682.0879440682793,0.0,1741.1380520789905,827.3639404301014,576.0,1689.5859515591878,7,454,0,3,0,0,0,True
static_opf_1.50_forecast,51,288,853,140,713,0.16412661195779601,0.835873388042204,0.449179465805856,0.44145139626899765,0.3826373009313684,0.5900478755705921,0.5530708533199638,0.5059749859653572,1.268874647525636,1.0980943171397668,1.492044145507065,1.5,1.5,1.5,0.0,3641.611206992421,0.0,2886.7263470245007,989.8260792089143,576.0,341.05878075900654,7,713,0,0,0,0,0,True
static_opf_1.50_forecast,52,288,958,182,776,0.18997912317327767,0.8100208768267223,0.49017776829969584,0.49082656910762856,0.3569078341982895,0.6063862114251847,0.5938635336670761,0.40810024839043263,1.2985264014360574,1.1904341578572146,1.4569907276223515,1.5,1.5,1.5,0.0,4366.583805180553,0.0,3119.8655924468135,1073.1854383477403,576.0,749.5327743859999,2,776,0,0,0,0,0,True
static_opf_1.50_forecast,53,288,748,141,607,0.18850267379679145,0.8114973262032086,0.47216780050387464,0.42579222760000707,0.3932714691367479,0.6736163007209447,0.5630010827315832,0.5068957798981186,1.3217188118244885,1.0919383347965126,1.513664268312856,1.5,1.5,1.5,0.0,3880.736126373823,0.0,2432.364306902071,1088.8490570820336,576.0,935.5227623897185,11,605,0,2,0,0,0,True
static_opf_1.50_forecast,54,288,1001,140,861,0.13986013986013987,0.8601398601398601,0.48237561034895626,0.48941195326774156,0.4008269727205168,0.6100913278794139,0.6575243968456932,0.49123185291260735,1.3162322173295782,1.1644037957733158,1.5310706427691918,1.5,1.5,1.5,0.0,3568.1309529062573,0.0,3499.98890779957,1145.9632232312495,576.0,-501.82117812456215,9,857,0,4,0,0,0,True
static_opf_1.50_forecast,55,288,1023,155,868,0.15151515151515152,0.8484848484848485,0.49330882736163,0.4581149149332475,0.3880130124068814,0.7622179706378336,0.637286478752942,0.5418397364905513,1.3098474604638775,1.1518114817421712,1.5169760504860137,1.5,1.5,1.5,0.010416666666666666,3994.35570400744,11.166455131305113,3389.6564435718665,1124.0481216759676,570.0,39.484683628300445,7,840,0,28,0,0,0,True
static_opf_1.50_forecast,56,288,2710,123,2587,0.04538745387453875,0.9546125461254612,0.47189866274924785,0.4858624999915118,0.35771772219950065,0.6731112571521722,0.6445890118320036,0.4604792763233055,1.3837131771732087,1.2338535952438414,1.5334263325413668,1.5,1.5,1.5,0.0,3417.419004211205,0.0,10441.648301057701,1268.710751864812,576.0,-7716.940048711309,8,2571,0,16,0,0,0,True
static_opf_1.50_forecast,57,288,673,140,533,0.20802377414561665,0.7919762258543833,0.4869211529002037,0.45832608449145934,0.4154013740479214,0.6510406982864032,0.6108483946078909,0.5588770544276848,1.2499940528951727,1.075605785252714,1.4811902352398383,1.5,1.5,1.5,0.0,3847.3398293426517,0.0,2146.665623448803,960.3716903704088,576.0,1316.3025155234395,7,533,0,0,0,0,0,True
static_opf_1.50_forecast,58,288,597,160,437,0.26800670016750416,0.7319932998324958,0.4561642603268766,0.4304217149543984,0.36219416101572977,0.6203306117541496,0.5338173178036241,0.45112068581887566,1.2136552482498968,1.0574448520898265,1.4353974435797885,1.5,1.5,1.5,0.0,3972.242297036728,0.0,1659.4019790977163,875.6660900903266,576.0,2013.1742278486843,3,437,0,0,0,0,0,True
static_opf_1.50_forecast,59,288,865,152,713,0.17572254335260115,0.8242774566473988,0.5036463081350728,0.4368223711140983,0.43505387213184993,0.6763473597237591,0.5658776205959074,0.5889351097541349,1.300424886787938,1.0756879522920093,1.528178040507715,1.5,1.5,1.5,0.0,3967.3735247512654,0.0,2636.340606913087,1051.79264191938,576.0,855.2402759187987,6,712,0,1,0,0,0,True
static_opf_1.50_forecast,60,288,762,142,620,0.18635170603674542,0.8136482939632546,0.44278259632332523,0.42318811623817065,0.38930751140369174,0.5669730952970282,0.5808171326231433,0.5050878954217946,1.2627859005616218,1.1030267138779337,1.5198853909685461,1.5,1.5,1.5,0.0,3681.376893259916,0.0,2392.433087405938,1017.2036474111784,576.0,847.7401584427996,6,620,0,0,0,0,0,True
static_opf_1.50_forecast,61,288,564,142,422,0.25177304964539005,0.74822695035461,0.44222858377329366,0.4053055674988364,0.3987753428814959,0.6443784939272655,0.5280987943431548,0.5413899388554321,1.22484679644756,1.0319698516359053,1.4727485926836026,1.5,1.5,1.5,0.0,3520.626113509009,0.0,1510.841453064833,891.0504115209309,576.0,1694.7342489232453,5,418,0,4,0,0,0,True
static_opf_1.50_forecast,62,288,2422,152,2270,0.06275805119735756,0.9372419488026424,0.5317496544126166,0.5245090766779241,0.3502946421940146,0.7003231042446872,0.7187443138386561,0.46172232262341106,1.405859376070216,1.2906298513984085,1.505147123958484,1.5,1.5,1.5,0.0,3817.706671753055,0.0,9147.250621053667,1319.885533878241,576.0,-6073.429483178852,5,2270,0,0,0,0,0,True
static_opf_1.50_forecast,63,288,914,166,748,0.18161925601750548,0.8183807439824945,0.48955127460514636,0.4745344998864734,0.37520156659791976,0.7485941411898699,0.681506960684863,0.5241752314779208,1.3405840736713464,1.2029720799398196,1.5423450579450062,1.5,1.5,1.5,0.0,4048.2158902296246,0.0,2884.3642977950667,1223.4245106605706,576.0,516.4270817739875,7,744,0,4,0,0,0,True
static_opf_1.50_forecast,64,288,569,154,415,0.27065026362038663,0.7293497363796133,0.43775026646103843,0.40737899862200805,0.3812933788963502,0.5688329583302117,0.5528835956212687,0.5395422557605511,1.1962284535527496,1.0487467404516204,1.4838394849864942,1.5,1.5,1.5,0.0,3739.487745352223,0.0,1560.5659010403751,926.4399119606918,576.0,1828.4819323511565,6,415,0,0,0,0,0,True
static_opf_1.50_forecast,65,288,685,151,534,0.22043795620437956,0.7795620437956204,0.4756296893717978,0.44838159589002813,0.41780558811465324,0.6504982719427432,0.6118260139644888,0.6015419917926816,1.2430024019762074,1.102206483881763,1.4825668270449168,1.5,1.5,1.5,0.0,3866.604278149227,0.0,2109.292653825756,974.9401127332791,576.0,1358.371511590192,5,530,0,4,0,0,0,True
static_opf_1.50_forecast,66,288,1049,157,892,0.14966634890371783,0.8503336510962822,0.4833966944868281,0.45800635016277536,0.3873402699769761,0.6550144845395964,0.6171185997108768,0.48286654259672335,1.3087858380976174,1.1267766604081564,1.4992726812002397,1.5,1.5,1.5,0.0,3921.9077544510237,0.0,3422.3857950872252,1067.1062714980735,576.0,8.41568786572526,8,891,0,1,0,0,0,True
static_opf_1.50_forecast,67,288,630,171,459,0.2714285714285714,0.7285714285714285,0.42529959787590715,0.40633604323182915,0.38503864777152047,0.5562061031811146,0.5090953507981275,0.48096827370437906,1.1870740652523792,1.0434057312823668,1.433200908903657,1.5,1.5,1.5,0.0,4263.919611174347,0.0,1749.9169338566153,804.5434899013434,576.0,2285.459187416388,5,459,0,0,0,0,0,True
static_opf_1.50_forecast,68,288,1175,169,1006,0.14382978723404255,0.8561702127659574,0.502696158332355,0.4943588172802886,0.4012619107393709,0.6636784010828193,0.6246854476437393,0.5847195910402136,1.336883116624511,1.1788458881694133,1.5279958041980761,1.5,1.5,1.5,0.0,4446.950606809115,0.0,4015.645479656809,1173.3487581827505,576.0,-166.0436310304453,6,990,0,16,0,0,0,True
static_opf_1.50_forecast,69,288,1989,146,1843,0.073403720462544,0.926596279537456,0.5110917495743144,0.48206377307818155,0.37012645541964007,0.6649125445615731,0.6110288899284934,0.4790752355131579,1.360953377676535,1.1843070797546253,1.4858394160580286,1.5,1.5,1.5,0.0,3949.149896765588,0.0,7620.89333418487,1149.7078476842987,576.0,-4245.451285103581,6,1841,0,2,0,0,0,True
static_opf_1.50_forecast,70,288,830,161,669,0.19397590361445782,0.8060240963855422,0.4447569016451529,0.4510192151459705,0.3606789508998739,0.5717944431504927,0.5458146444265242,0.4542445014818146,1.2468891778402613,1.1126826235924594,1.4582217419404198,1.5,1.5,1.5,0.0,3806.3625381119036,0.0,2613.9933035219938,943.1233854374763,576.0,825.2458491524329,5,669,0,0,0,0,0,True
static_opf_1.50_forecast,71,288,1585,148,1437,0.09337539432176656,0.9066246056782334,0.49195637733085185,0.4865177255289485,0.3654448684566755,0.6394639002827657,0.6208136121891789,0.4757426563510109,1.3489890019575588,1.2144252299855443,1.5102949925367042,1.5,1.5,1.5,0.0,3748.0176126497954,0.0,6019.495824419279,1196.163852241359,576.0,-2891.6420640108427,8,1437,0,0,0,0,0,True
static_opf_1.75_forecast,42,288,1811,177,1634,0.097736057426836,0.902263942573164,0.5859292610450668,0.5656598677927716,0.439530947854289,0.7232730212267975,0.7450846163942657,0.5308886025721785,1.6368513733243182,1.3948819536586952,1.7416224239147367,1.75,1.75,1.75,0.013888888888888888,4893.5216999088425,3.5288133695842534,6862.49035784918,1929.5397677130693,568.0,-3334.0372390229923,5,1589,0,45,0,0,0,True
static_opf_1.75_forecast,43,288,562,175,387,0.3113879003558719,0.6886120996441281,0.4964284943596383,0.47602021757756713,0.47802226357731964,0.6800507826102212,0.6326741883488233,0.6322841410150546,1.3935666611197683,1.1857784033566103,1.693407744173836,1.75,1.75,1.75,0.0,4580.08169596663,0.0,1439.4826452416014,1451.3417172842674,576.0,2265.2573334407616,6,383,0,4,0,0,0,True
static_opf_1.75_forecast,44,288,891,174,717,0.19528619528619529,0.8047138047138047,0.5165888299815996,0.5040324318153654,0.47089600710365587,0.6872160286847733,0.6686355246263876,0.5898993448494859,1.391170818366863,1.2369318232941124,1.7635197830398073,1.75,1.75,1.75,0.0,4143.562119740638,0.0,2793.9652302444806,1556.9536160796797,576.0,368.6432734164772,5,714,0,3,0,0,0,True
static_opf_1.75_forecast,45,288,632,197,435,0.31170886075949367,0.6882911392405063,0.549676567304936,0.5149964856374188,0.4451942093754122,0.6660268940645859,0.6331570102072338,0.5896176755826916,1.5252029446165691,1.2864856691195952,1.700345701374142,1.75,1.75,1.75,0.0,5078.251983270546,0.0,1588.2645717249425,1672.3955575689033,576.0,2393.5918539766994,4,429,0,6,0,0,0,True
static_opf_1.75_forecast,46,288,1303,198,1105,0.15195702225633154,0.8480429777436684,0.5593113363812997,0.5394144061690888,0.43198169176175455,0.7379816908013558,0.6761061120288666,0.5055167429963874,1.5303150426803518,1.3696604957322642,1.7289849585102273,1.75,1.75,1.75,0.0,4954.782788920529,0.0,4427.466901215649,1781.8550292510263,576.0,-678.5391415461465,5,1097,0,8,0,0,0,True
static_opf_1.75_forecast,47,288,611,173,438,0.28314238952536824,0.7168576104746317,0.49777839968661197,0.48109659319910836,0.45507066036171717,0.680511608843909,0.6582885178317672,0.670634770443953,1.4008984353329386,1.1976425951639458,1.7319436255140412,1.75,1.75,1.75,0.020833333333333332,4070.1129358406333,6.7102138949450385,1619.9685563041148,1514.4890356393403,564.0,1492.9451300022336,6,421,0,17,0,0,0,False
static_opf_1.75_forecast,48,288,1296,178,1118,0.13734567901234568,0.8626543209876543,0.6066103469591569,0.5546394778815772,0.4436733789163193,0.8155727591022147,0.7363414329065139,0.5470553399230478,1.5851112284303612,1.3793188135455212,1.7523083577255423,1.75,1.75,1.75,0.010416666666666666,4519.61849354796,9.931680759680464,4589.315562177965,1870.2891873189417,570.0,-1379.9179367086272,5,1100,0,18,0,0,0,True
static_opf_1.75_forecast,49,288,2592,176,2416,0.06790123456790123,0.9320987654320988,0.6501086525347096,0.5979263362685825,0.4512169930168264,0.8876395743791334,0.76685136597933,0.5653920821357191,1.6375492400459306,1.416679114661247,1.725882099564367,1.75,1.75,1.75,0.0,5035.063307782341,0.0,9955.501856339695,1935.6463966721155,576.0,-6280.084945229471,5,2282,0,134,0,0,0,True
static_opf_1.75_forecast,50,288,597,168,429,0.2814070351758794,0.7185929648241206,0.4948452898550281,0.46012193258733114,0.4347932135939161,0.6918076245471825,0.6387851214950899,0.549119954496884,1.3661176365091414,1.169546010891871,1.6971230906477253,1.75,1.75,1.75,0.0,4345.16182599628,0.0,1633.012079172208,1420.6206716554084,576.0,1867.5290751686634,7,424,0,5,0,0,0,True
static_opf_1.75_forecast,51,288,853,185,668,0.21688159437280188,0.7831184056271981,0.5529642242655842,0.5535604199458368,0.4352313410985482,0.7046236928961735,0.6814762741395555,0.5601806161710162,1.5138721911432353,1.33041524659106,1.7319533110731398,1.75,1.75,1.75,0.0,4789.585211480355,0.0,2664.671683214519,1732.1816475862786,576.0,968.731880679557,7,666,0,2,0,0,0,True
static_opf_1.75_forecast,52,288,958,199,759,0.20772442588726514,0.7922755741127349,0.5450830496722145,0.5259413835495739,0.4271555903612799,0.6732664648782312,0.6278431209627517,0.47741756121046053,1.4636305119273834,1.2988375808978998,1.6945682724179016,1.75,1.75,1.75,0.0,4973.378849032283,0.0,3019.4418670575296,1620.1806094344383,576.0,909.7563725403156,2,759,0,0,0,0,0,True
static_opf_1.75_forecast,53,288,748,158,590,0.21122994652406418,0.7887700534759359,0.5486292826331636,0.48568327102113895,0.4751402161542808,0.7395685378043706,0.6459657052136171,0.6234014993230352,1.4940856312852122,1.2249314486856795,1.7623490663568195,1.75,1.75,1.75,0.0,4420.792624034663,0.0,2357.72957647393,1672.6248552706916,576.0,966.4381922900411,11,584,0,6,0,0,0,True
static_opf_1.75_forecast,54,288,1001,169,832,0.16883116883116883,0.8311688311688312,0.5772574798070149,0.5797373824689446,0.4651140075451644,0.7598447579907416,0.7665576941841346,0.6067693600538077,1.5451082628234,1.3649727513669356,1.7787396917205787,1.75,1.75,1.75,0.0,4330.1314878471285,0.0,3351.8905471318876,1858.417432784964,576.0,-304.17649206972277,9,806,0,26,0,0,0,True
static_opf_1.75_forecast,55,288,1023,183,840,0.17888563049853373,0.8211143695014663,0.5908839750725203,0.5432760898361225,0.46479088037954813,0.9000970501132843,0.7879903931900963,0.6243301279738649,1.5131919931362394,1.3417126251963294,1.7814230107588516,1.75,1.75,1.75,0.024305555555555556,4635.917463744627,65.25353881574254,3284.428218465966,1819.2740201566717,562.0,28.96168630624618,7,766,0,74,0,0,0,False
static_opf_1.75_forecast,56,288,2710,145,2565,0.05350553505535055,0.9464944649446494,0.6011813610035519,0.603372050651775,0.44824902752967893,0.837449357541018,0.7897836512975441,0.5954399527862466,1.5970357703969,1.4186516423141662,1.7573504252777559,1.75,1.75,1.75,0.013888888888888888,4087.945532844491,7.008015457540063,10316.965090825539,1938.5153755495821,568.0,-7606.542948988171,8,2404,0,161,0,0,0,True
static_opf_1.75_forecast,57,288,673,159,514,0.2362555720653789,0.763744427934621,0.5397831443424876,0.5009115540467756,0.47492282233364563,0.7559503400258731,0.695552163697506,0.6522312419341278,1.4413631370448186,1.2418311085305693,1.7547469470004495,1.75,1.75,1.75,0.0,4183.993113084212,0.0,2107.99315032961,1607.7548480581765,576.0,1044.2451146964252,7,511,0,3,0,0,0,True
static_opf_1.75_forecast,58,288,597,178,419,0.2981574539363484,0.7018425460636516,0.4975940283963485,0.4678695702117547,0.44028000266067135,0.6524832147830075,0.5847407452086488,0.5097463369098528,1.3315524135546166,1.1666767914127258,1.678393539053113,1.75,1.75,1.75,0.003472222222222222,4446.523147857624,1.3091469568552472,1601.2191742152922,1352.8626681084645,574.0,2065.1321585770124,3,412,0,7,0,0,0,True
static_opf_1.75_forecast,59,288,865,178,687,0.20578034682080926,0.7942196531791907,0.5677201259530275,0.5030549240003993,0.47589566667567973,0.7620092951013248,0.6248179937299282,0.6507724305203878,1.5091617878310823,1.2734998364941703,1.7700895732792246,1.75,1.75,1.75,0.0,4413.034374474904,0.0,2564.919111552809,1730.6513414861806,576.0,693.4639214359145,6,680,0,7,0,0,0,True
static_opf_1.75_forecast,60,288,762,174,588,0.2283464566929134,0.7716535433070866,0.53044723619237,0.49796608245059776,0.4511535520383213,0.7634141529616737,0.6900414203943156,0.5527662920475853,1.482834445218899,1.2848839444620086,1.7550048385265324,1.75,1.75,1.75,0.0,4501.533790021778,0.0,2227.010223059672,1680.5430651933334,576.0,1169.980501768772,6,576,0,12,0,0,0,True
static_opf_1.75_forecast,61,288,564,153,411,0.2712765957446808,0.7287234042553191,0.49637651988330567,0.4739401508804837,0.4723778910192304,0.6927865206493578,0.6478184063357847,0.5931787811469855,1.3348820003646051,1.1449528953377213,1.718676344456564,1.75,1.75,1.75,0.0,3779.468387745387,0.0,1489.2250184992422,1369.837233574267,576.0,1496.4061356718785,5,407,0,4,0,0,0,True
static_opf_1.75_forecast,62,288,2422,170,2252,0.07018992568125516,0.9298100743187449,0.6265541946132775,0.5983646948472977,0.422675709442306,0.8161175137645815,0.7838791730563424,0.5033487580643528,1.6478420518702004,1.4520444355535191,1.782794175298039,1.75,1.75,1.75,0.0,4489.0077644543935,0.0,9021.99712425489,2046.4333526853147,576.0,-6003.422712485812,5,2187,0,65,0,0,0,True
static_opf_1.75_forecast,63,288,914,192,722,0.2100656455142232,0.7899343544857768,0.57488770005967,0.543972359408228,0.44804807012513265,0.8844273327226345,0.8326813803156088,0.6169378821658867,1.5416051237917368,1.386065334817717,1.7885256466122523,1.75,1.75,1.75,0.0,4745.1381506830285,0.0,2765.961120387703,1885.4983136867245,576.0,669.678716608601,7,690,0,32,0,0,0,True
static_opf_1.75_forecast,64,288,569,169,400,0.29701230228471004,0.70298769771529,0.4816222943465789,0.44899318831258295,0.45344126186495604,0.6833399415202945,0.589637313094674,0.6394343584679374,1.347343007401716,1.1782995879585714,1.7411516910857978,1.75,1.75,1.75,0.0,4220.351968252209,0.0,1493.435637292143,1478.8439824362936,576.0,1824.0723485237725,6,396,0,4,0,0,0,True
static_opf_1.75_forecast,65,288,685,175,510,0.25547445255474455,0.7445255474452555,0.5566104780666488,0.5015551965125877,0.46896661920587523,0.7390365827743528,0.6432866727055245,0.6099796186933072,1.4666967340607369,1.259176476548583,1.7241179885546876,1.75,1.75,1.75,0.003472222222222222,4683.734308899985,3.9431213690793974,1956.460105286204,1635.621249173389,574.0,1661.7098330713127,5,499,0,11,0,0,0,True
static_opf_1.75_forecast,66,288,1049,183,866,0.1744518589132507,0.8255481410867492,0.5504977135923462,0.5196944841869381,0.449364483953745,0.7602842852273852,0.7006355078891896,0.5744363936179898,1.5396315579104862,1.3011914475199506,1.7482925025014024,1.75,1.75,1.75,0.0,4689.551777480896,0.0,3280.405896401127,1762.5746507760346,576.0,222.57123030373498,8,863,0,3,0,0,0,True
static_opf_1.75_forecast,67,288,630,187,443,0.2968253968253968,0.7031746031746032,0.48885122339441206,0.47471107514174626,0.47699401847814016,0.705172166632924,0.5644417118585213,0.7294818418655383,1.3647053091393597,1.1928914913916886,1.6721857504691273,1.75,1.75,1.75,0.0,4547.216466587148,0.0,1735.3678962756962,1399.8195473014862,576.0,1988.0290230099658,5,438,0,5,0,0,0,True
static_opf_1.75_forecast,68,288,1175,188,987,0.16,0.84,0.6030327230811057,0.5569836784010036,0.5144202803678575,0.7543612910793013,0.6724709437005134,0.7212390602673452,1.5530687334006794,1.3063444902195305,1.7862006625554037,1.75,1.75,1.75,0.0,5132.205660269732,0.0,3883.7716935564004,1823.9851545840784,576.0,0.4488121292530991,6,944,0,43,0,0,0,True
static_opf_1.75_forecast,69,288,1989,187,1802,0.09401709401709402,0.905982905982906,0.622026675626611,0.5624957905950153,0.4322515023623399,0.8181435550055869,0.6594510065423473,0.554154858138087,1.6342368900335398,1.3769421853589954,1.7214096837504518,1.75,1.75,1.75,0.0,5250.254853657165,0.0,7352.584310757022,1890.85912705096,576.0,-3417.1885841508165,6,1766,0,36,0,0,0,True
static_opf_1.75_forecast,70,288,830,185,645,0.22289156626506024,0.7771084337349398,0.5616242004567228,0.5247615060973679,0.4431113889657549,0.7174262914057855,0.645624551395889,0.5544828926720212,1.4669397825922248,1.2639053932544693,1.7041867691283852,1.75,1.75,1.75,0.0,4667.252026431593,0.0,2439.3911992095377,1592.4138878060726,576.0,1211.4469394159828,5,645,0,0,0,0,0,True
static_opf_1.75_forecast,71,288,1585,172,1413,0.1085173501577287,0.8914826498422713,0.5564643609326183,0.5404953217015814,0.4219093575384421,0.690122999714872,0.6620602983637068,0.5179782378016895,1.5614920949115572,1.3778793886302845,1.7471672259230275,1.75,1.75,1.75,0.0,4441.214596416239,0.0,5888.0958846082085,1844.3286675775025,576.0,-2715.209955769471,8,1410,0,3,0,0,0,True
static_opf_2.00_forecast,42,288,1811,211,1600,0.11651021535063501,0.883489784649365,0.6814429907032344,0.6742028417362279,0.5259377682475704,0.7995547064436447,0.8597494540117309,0.6507621604463881,1.881329633303184,1.632010619597114,1.9959171691478899,2.0,2.0,2.0,0.024305555555555556,5919.077324327758,44.80507509634232,6664.431548185799,2708.778440843778,562.0,-2936.937739798162,5,1530,0,70,0,0,0,False
static_opf_2.00_forecast,43,288,562,184,378,0.3274021352313167,0.6725978647686833,0.5695492629447084,0.5358480603285461,0.5560026377212236,0.7915172077643067,0.7185489255648237,0.7099239632769857,1.563361502866836,1.342734739979502,1.9563970812531697,2.0,2.0,2.0,0.0,4976.656823214661,0.0,1375.851174746444,2073.5278620876684,576.0,2103.2777863805486,6,358,0,20,0,0,0,True
static_opf_2.00_forecast,44,288,891,188,703,0.21099887766554434,0.7890011223344556,0.5827522580830292,0.5511149955352957,0.5514928089554485,0.7969045292974191,0.7082069160242525,0.6742173426456706,1.5445452267097397,1.3556591631781214,2.0100517745475863,2.0,2.0,2.0,0.0,4864.362249958651,0.0,2639.963702235345,2109.258957019987,576.0,691.1395907033191,5,687,0,16,0,0,0,True
static_opf_2.00_forecast,45,288,632,217,415,0.34335443037974683,0.6566455696202531,0.6229493836488432,0.5999987068408791,0.5099942031154038,0.7504997940212647,0.7297436408983833,0.6055956918505522,1.7298269969778677,1.4823479505391615,1.9370792035167017,2.0,2.0,2.0,0.027777777777777776,5549.730659145278,44.57564257346385,1519.9426690510315,2346.5383069392647,560.0,2198.6740405815185,4,401,0,14,0,0,0,False
static_opf_2.00_forecast,46,288,1303,217,1086,0.16653875671527243,0.8334612432847276,0.623661991115384,0.6043039629563207,0.5078223939224087,0.810865125713295,0.7816789228309842,0.6064669955321071,1.702754739154484,1.5261329575087246,1.9861307279366867,2.0,2.0,2.0,0.017361111111111112,5483.980868241972,69.64246979035524,4328.182840779025,2411.5809632220735,566.0,-759.4254055494823,5,1050,0,36,0,0,0,True
static_opf_2.00_forecast,47,288,611,180,431,0.2945990180032733,0.7054009819967266,0.5701916834076587,0.5023822978647146,0.5454744970437005,0.7405040669657624,0.6514524634743342,0.8009811709267748,1.4828107155468764,1.2631264284641222,1.974284447574911,2.0,2.0,2.0,0.020833333333333332,4319.88866162008,24.97789385460015,1597.9534284501976,1938.7670723144608,564.0,1322.190267000821,6,408,0,23,0,0,0,False
static_opf_2.00_forecast,48,288,1296,190,1106,0.14660493827160495,0.8533950617283951,0.6591749467789018,0.6094342869383336,0.5141063342550741,0.9030619980056672,0.8124515723884669,0.6247808644729804,1.7463426297190492,1.514875560982107,1.989245215097198,2.0,2.0,2.0,0.027777777777777776,4954.9048067424155,40.0430015051201,4520.151826451466,2446.0992779370235,560.0,-1491.3892991511943,5,1031,0,75,0,0,0,False
static_opf_2.00_forecast,49,288,2592,197,2395,0.07600308641975309,0.9239969135802469,0.6651881526934562,0.6597651794163484,0.4812283111601062,0.7726379841233215,0.7546423871227905,0.5856525753338339,1.8689276717970797,1.6322665052207692,1.974518063316835,2.0,2.0,2.0,0.0,5417.4620017547495,0.0,9905.485004652117,2674.9203453781165,576.0,-6586.943348275484,5,2358,0,37,0,0,0,True
static_opf_2.00_forecast,50,288,597,175,422,0.2931323283082077,0.7068676716917923,0.5607640399189798,0.502370078297623,0.5111766589408488,0.7994394505035998,0.7239497927194661,0.6946573535851155,1.5272505464565205,1.2748416711849606,1.939711692818455,2.0,2.0,2.0,0.006944444444444444,4719.0795397355105,8.36826365171932,1565.7157777975003,1968.0221327528113,572.0,1748.9733655334794,7,401,0,21,0,0,0,True
static_opf_2.00_forecast,51,288,853,196,657,0.22977725674091443,0.7702227432590856,0.6550793338845707,0.5985345178222686,0.528956790651823,0.874602566463691,0.7297464231462902,0.7095938418060131,1.7041699168510982,1.4421889332389246,1.9910318125226638,2.0,2.0,2.0,0.003472222222222222,5302.158071073608,4.9871089059768865,2557.0423013374566,2342.772428811828,574.0,971.356232018346,7,610,1,46,0,0,0,True
static_opf_2.00_forecast,52,288,958,223,735,0.23277661795407098,0.767223382045929,0.6188079636929084,0.6094905892134536,0.4822140721423348,0.7371339169069464,0.7210900516683052,0.5472171744258099,1.6659647160181663,1.5116273346438278,1.9424766465197838,2.0,2.0,2.0,0.0,5450.988156483409,0.0,2953.987758307519,2320.527698895287,576.0,752.4726992806022,2,735,0,0,0,0,0,True
static_opf_2.00_forecast,53,288,748,168,580,0.22459893048128343,0.7754010695187166,0.608899489888313,0.5400408460902284,0.5481627109082062,0.8759615329471562,0.7266476401854617,0.7191894740911313,1.6489917517772186,1.3607706210380144,2.0188637678806,2.0,2.0,2.0,0.020833333333333332,4624.753624676565,28.21772076955064,2336.5937001070474,2259.314325711309,564.0,564.6278780886583,11,538,0,42,0,0,0,False
static_opf_2.00_forecast,54,288,1001,196,805,0.1958041958041958,0.8041958041958042,0.647974056717924,0.6403305092848502,0.5288579838028417,0.8578057311472453,0.8262941274758506,0.6551477042896012,1.7591564909120825,1.5389194110879718,2.0261232860266825,2.0,2.0,2.0,0.010416666666666666,5165.826538831896,15.291991236217783,3189.0128012237974,2539.9582713673253,570.0,-8.436524995444188,9,750,0,55,0,0,0,True
static_opf_2.00_forecast,55,288,1023,199,824,0.19452590420332355,0.8054740957966764,0.670555597319632,0.6171615528609214,0.5348925525599684,0.9654696554505805,0.897723823623166,0.72503924437052,1.728901453597248,1.4933612915780625,2.0301373658880726,2.0,2.0,2.0,0.04861111111111111,5157.168530568432,115.7109300075668,3199.7821646396815,2484.1390203420915,548.0,-94.46358442090764,7,703,1,120,0,0,0,False
static_opf_2.00_forecast,56,288,2710,158,2552,0.05830258302583026,0.9416974169741698,0.6597524289202517,0.6553235763108832,0.4938283566331035,0.8454467080156548,0.8080767362172903,0.6456371287644712,1.8504371138429825,1.623761645609507,2.0141410587900137,2.0,2.0,2.0,0.013888888888888888,4229.020177819122,3.397834639271022,10310.7488774238,2687.202816228709,568.0,-8204.32935047266,8,2343,0,209,0,0,0,True
static_opf_2.00_forecast,57,288,673,187,486,0.27786032689450224,0.7221396731054978,0.6244050367931369,0.5777270228052125,0.5234844149290365,0.8288608926961286,0.7651585176722185,0.7162297379828318,1.6739606178608437,1.4308968445455756,1.9693057363411894,2.0,2.0,2.0,0.0,5092.649514597268,0.0,1924.8159681150596,2282.5209112393527,576.0,1461.3126352428558,7,469,0,17,0,0,0,True
static_opf_2.00_forecast,58,288,597,198,399,0.3316582914572864,0.6683417085427136,0.5809302718058423,0.540240404618761,0.5214109854229989,0.7663038780182551,0.673746876283515,0.6155812516388623,1.53276894630417,1.3356608078260368,1.915879126641876,2.0,2.0,2.0,0.006944444444444444,4973.720719643463,9.61401387873038,1517.1525757899017,1988.9274983110872,572.0,2030.026631663743,3,391,0,8,0,0,0,True
static_opf_2.00_forecast,59,288,865,195,670,0.2254335260115607,0.7745664739884393,0.6315621077910883,0.5611349698763148,0.5423902793030334,0.8304458487131882,0.736649479307835,0.7354071152608591,1.6780244373254913,1.4391367929665653,2.0202832129150488,2.0,2.0,2.0,0.0,4814.014461553781,0.0,2515.8820261468845,2354.6608608278593,576.0,519.4715745790372,6,631,0,39,0,0,0,True
static_opf_2.00_forecast,60,288,762,194,568,0.2545931758530184,0.7454068241469817,0.6036812395683594,0.5616173088101841,0.5174849574187518,0.8270699091359116,0.7612478531567268,0.6646643061049328,1.6829862408112706,1.4688720186747417,2.012698644703957,2.0,2.0,2.0,0.0,5050.563727801455,0.0,2135.3444456937764,2361.8203332083795,576.0,1129.3989488992988,6,536,0,32,0,0,0,True
static_opf_2.00_forecast,61,288,564,178,386,0.31560283687943264,0.6843971631205674,0.5765876760516343,0.5276922026906224,0.5450627125765375,0.8039934079054823,0.7172556651092713,0.6768286299122567,1.5606355568540435,1.301417593708902,1.9656406015379322,2.0,2.0,2.0,0.017361111111111112,4621.937212532625,14.377980584734601,1330.4733490512372,2032.3317765361346,566.0,1810.7541063605186,5,375,0,11,0,0,0,True
static_opf_2.00_forecast,62,288,2422,191,2231,0.07886044591246903,0.921139554087531,0.7329321111690361,0.6827060384539733,0.5050339711794718,0.9456834019695918,0.8995718752824042,0.7103779105513675,1.8871098037174923,1.6362219673344436,1.9912434936411438,2.0,2.0,2.0,0.03819444444444445,5255.603991615799,166.17355376159276,8871.002524534704,2713.928482056428,554.0,-5941.5005687369285,5,1925,0,306,0,0,0,False
static_opf_2.00_forecast,63,288,914,202,712,0.2210065645514223,0.7789934354485777,0.6559665227666797,0.5963986415271922,0.5268783519033976,0.9248055391870861,0.8442355550455577,0.6965674764531441,1.7462041343080728,1.5250313102157684,2.0389465609669086,2.0,2.0,2.0,0.020833333333333332,5129.524223513862,24.504027983860407,2708.1220589380773,2528.3242968358627,564.0,432.57383975606183,7,633,2,77,0,0,0,False
static_opf_2.00_forecast,64,288,569,180,389,0.3163444639718805,0.6836555360281195,0.5444096260650705,0.48884825877135135,0.5215802858690218,0.7526000633457613,0.642106144205057,0.7352340307983114,1.493327287822366,1.2974409574821932,1.9820031224416863,2.0,2.0,2.0,0.0,4563.040585679128,0.0,1449.7745656401141,2016.7695245756076,576.0,1672.4964954634054,6,374,0,15,0,0,0,True
static_opf_2.00_forecast,65,288,685,195,490,0.2846715328467153,0.7153284671532847,0.6402736523834464,0.5912571379769194,0.5390250088964783,0.9164326533316554,0.759516930421591,0.7245290095063953,1.6437775996412831,1.4291581369172475,1.9811214715567158,2.0,2.0,2.0,0.013888888888888888,5057.455103073446,17.39437080095951,1915.9116354911898,2282.5379178677576,568.0,1409.6111789135384,5,442,0,48,0,0,0,True
static_opf_2.00_forecast,66,288,1049,193,856,0.18398474737845566,0.8160152526215443,0.6164162886278218,0.5783167484765749,0.516854372366878,0.8149220798263516,0.7446546832415087,0.6249327845486673,1.6699292240043677,1.4319242068311973,1.9945328662598791,2.0,2.0,2.0,0.0,4922.706107745838,0.0,3264.772762267945,2308.5503857176636,576.0,-74.61704023976989,8,835,0,21,0,0,0,True
static_opf_2.00_forecast,67,288,630,194,436,0.30793650793650795,0.692063492063492,0.49571201893013217,0.49128146808752515,0.5652992632985397,0.6553628477740809,0.6070298998972123,0.7202340319254902,1.4051045655996686,1.2224872956350465,1.9178005804615177,2.0,2.0,2.0,0.0,4822.285818667667,0.0,1701.464491295639,1754.5266676454403,576.0,1942.2946597265875,5,435,0,1,0,0,0,True
static_opf_2.00_forecast,68,288,1175,209,966,0.1778723404255319,0.8221276595744681,0.6724586118087506,0.6201955143838794,0.5623192345401526,0.830380755142007,0.781147166853688,0.7977344890595316,1.8033773665083492,1.5131250723468985,2.0610636943260894,2.0,2.0,2.0,0.0,5664.151826857974,0.0,3812.471551371195,2599.7487086309,576.0,-172.06843314412055,6,856,0,110,0,0,0,True
static_opf_2.00_forecast,69,288,1989,210,1779,0.10558069381598793,0.8944193061840121,0.7080161693981574,0.6513104971631046,0.49308762842239884,0.8700660240200565,0.7730918276796835,0.6517161393388912,1.8668757637813138,1.5976179242252453,1.9783660703434336,2.0,2.0,2.0,0.013888888888888888,5673.537362479289,24.81338482967101,7286.837024518665,2644.4141591415446,568.0,-3714.5272060105913,6,1645,0,134,0,0,0,True
static_opf_2.00_forecast,70,288,830,192,638,0.23132530120481928,0.7686746987951807,0.5907280077876245,0.5752628386341777,0.5066900278458581,0.7573376369437544,0.693948964072615,0.614790363097397,1.6468586087967196,1.4076898983953359,1.948218076616441,2.0,2.0,2.0,0.0,4680.69936952472,0.0,2470.9689254304826,2204.8314875988744,576.0,580.8989564953624,5,638,0,0,0,0,0,True
static_opf_2.00_forecast,71,288,1585,197,1388,0.12429022082018927,0.8757097791798107,0.6739057390992682,0.6382811521115177,0.501538277671954,0.8215419843888729,0.7727340200630362,0.6075407322984715,1.8222181242022688,1.575285191150703,1.9981365840923715,2.0,2.0,2.0,0.010416666666666666,5273.576171942386,4.838814233818855,5718.7672589253,2603.4950104533264,570.0,-2483.5249116700606,8,1351,0,37,0,0,0,True
static_opf_2.25_forecast,42,288,1811,232,1579,0.12810601877415792,0.871893981225842,0.798880797567761,0.7221864569725325,0.5671282861622507,0.9255320207234758,0.8914287487561813,0.6607387966378238,2.1197904426187946,1.7750315858397352,2.231828974091651,2.25,2.25,2.25,0.017361111111111112,6718.324088781906,125.34766295976908,6496.405953041036,3378.825807304199,566.0,-2716.255334523098,5,1294,3,282,0,0,0,True
static_opf_2.25_forecast,43,288,562,198,364,0.35231316725978645,0.6476868327402135,0.6345394002860277,0.5714409341465037,0.61309208934537,0.8547372023106311,0.767484648424195,0.7823333542115206,1.6943632051113022,1.4286754847719878,2.1976003043710834,2.25,2.25,2.25,0.0,5446.620950481445,0.0,1301.3757986305577,2575.519080783605,576.0,2145.7260710672817,6,326,0,38,0,0,0,True
static_opf_2.25_forecast,44,288,891,197,694,0.22109988776655443,0.7789001122334456,0.6539387407339952,0.6042789237282212,0.6240336751249439,0.8243836139045516,0.7541796743652345,0.7489028589189797,1.7385137862059081,1.4834629063397966,2.2559772400832454,2.25,2.25,2.25,0.0,5224.535872666992,0.0,2577.0035603040724,2723.89213219642,576.0,499.6401801664993,5,654,0,40,0,0,0,True
static_opf_2.25_forecast,45,288,632,223,409,0.3528481012658228,0.6471518987341772,0.6692641645197034,0.6219339570884326,0.5993811325710167,0.8246439628091632,0.7427874592270617,0.6889356692517805,1.838411678372342,1.539871757289748,2.1930264515524036,2.25,2.25,2.25,0.03125,5852.767685633421,62.38154432033903,1483.4909446341867,2816.1796586753344,558.0,2048.715538003561,4,395,0,14,0,0,0,False
static_opf_2.25_forecast,46,288,1303,244,1059,0.18726016884113583,0.8127398311588642,0.712443045471393,0.6830176766125091,0.5966968589447603,0.9315562640526099,0.8993016523289427,0.717901161517909,1.9211657398072777,1.6868656106975288,2.238542735416767,2.25,2.25,2.25,0.027777777777777776,6496.064336285303,162.42139927998227,4131.163192624807,3092.774003197146,560.0,-330.29425881663315,5,906,1,152,0,0,0,False
static_opf_2.25_forecast,47,288,611,206,405,0.337152209492635,0.662847790507365,0.6215249528621294,0.5789984370585981,0.600059754822249,0.9150095887927819,0.8132734260104885,0.864768464121689,1.6817530516070418,1.4515105457872943,2.2267573955366573,2.25,2.25,2.25,0.0,4903.81817672758,0.0,1504.3607741392307,2613.7670626912513,576.0,1361.6903398970976,6,362,6,37,0,0,0,True
static_opf_2.25_forecast,48,288,1296,217,1079,0.16743827160493827,0.8325617283950617,0.7539863649042652,0.6954024889186723,0.5919817046902414,1.0124230053378074,0.9521548326764526,0.766314206839539,1.9810559772989862,1.705372889466281,2.2387481278097607,2.25,2.25,2.25,0.05555555555555555,5855.368465859199,180.82952849559396,4342.673587818876,3168.5061016043087,544.0,-1292.640752059579,5,914,3,162,0,0,0,False
static_opf_2.25_forecast,49,288,2592,216,2376,0.08333333333333333,0.9166666666666666,0.7910297171375394,0.7448660890103155,0.567542962743263,0.9857045787476246,0.8941371033619415,0.6741081975951985,2.1393000544766463,1.8358704296671218,2.226786434954782,2.25,2.25,2.25,0.034722222222222224,6071.286165643528,34.78654249299973,9761.113956284435,3448.242405691889,556.0,-6616.856738825794,5,1910,3,463,0,0,0,False
static_opf_2.25_forecast,50,288,597,195,402,0.32663316582914576,0.6733668341708543,0.6211529064161682,0.5459335947102246,0.5759100921388982,0.839786208978422,0.7678458578793073,0.7116759197964801,1.704826471649601,1.4113269283112087,2.185420823785071,2.25,2.25,2.25,0.006944444444444444,5183.167683612835,20.227106046064314,1503.2232837359827,2568.866647737041,572.0,1662.8506460937488,7,368,0,34,0,0,0,True
static_opf_2.25_forecast,51,288,853,201,652,0.23563892145369286,0.7643610785463072,0.6891872658056203,0.6504477855394297,0.6053774249673022,0.8812270939368635,0.8088410278041761,0.7771546605575024,1.8064987092466065,1.55083710772361,2.2380542125010447,2.25,2.25,2.25,0.027777777777777776,5296.161691384173,24.050953688547224,2607.8502826132944,2838.795926229448,560.0,385.46452885288335,7,586,1,65,0,0,0,False
static_opf_2.25_forecast,52,288,958,248,710,0.2588726513569937,0.7411273486430062,0.7073167909532708,0.6878420199089776,0.5579743580193254,0.8560104695158206,0.8596169600121157,0.6477775431613142,1.862504097380312,1.6747988152463635,2.1801358022978103,2.25,2.25,2.25,0.0,6222.644712704867,0.0,2791.352826276556,2961.704572921356,576.0,1045.5873135069548,2,709,0,1,0,0,0,True
static_opf_2.25_forecast,53,288,748,187,561,0.25,0.75,0.6945260670854176,0.630300980934182,0.6256741946882189,0.9252164174726407,0.8732626860241048,0.8249782894845765,1.8540057079357304,1.5445319020937083,2.2637824974323224,2.25,2.25,2.25,0.03819444444444445,5158.501991805702,151.90249224567714,2249.4760586260527,2935.870645850099,554.0,375.25279508387285,11,477,3,81,0,0,0,False
static_opf_2.25_forecast,54,288,1001,203,798,0.20279720279720279,0.7972027972027972,0.7439785334824175,0.7081040540596675,0.6100014167355321,0.9626086827464349,0.921340507071173,0.7355324152473691,1.9341782722447631,1.6601241214903035,2.2554806222530583,2.25,2.25,2.25,0.03819444444444445,5202.829239410107,48.36079530218656,3220.9019782822825,3110.5238845829736,554.0,-622.9574187573351,9,614,10,174,0,0,0,False
static_opf_2.25_forecast,55,288,1023,218,805,0.2130987292277615,0.7869012707722385,0.7470589446326978,0.6944944526338079,0.603092276349297,1.0969810314547397,1.002356120189654,0.7909281639063132,1.9288460339321185,1.6819216348355432,2.262752193612976,2.25,2.25,2.25,0.09375,5452.08935647146,361.25338136855277,3164.663529517344,3144.932033760145,522.0,-696.7595881745822,7,641,14,150,0,0,0,False
static_opf_2.25_forecast,56,288,2710,175,2535,0.06457564575645756,0.9354243542435424,0.7106617802998139,0.7375597670886496,0.5609246506753787,1.0537635353448833,0.9892400023293518,0.7304587118199388,1.99189244106721,1.8567645422991217,2.2936653288118385,2.25,2.25,2.25,0.059027777777777776,4556.3976507369625,191.7488653989618,10276.351694922534,3373.9633610914607,542.0,-8743.666270675993,8,1961,2,572,0,0,0,False
static_opf_2.25_forecast,57,288,673,200,473,0.2971768202080238,0.7028231797919762,0.6871562757125377,0.6334429515376898,0.5970564375972939,0.8886580788231393,0.8447039906216635,0.8124241955587257,1.8676409444889046,1.5729123723067013,2.217862114372487,2.25,2.25,2.25,0.0,5407.66148215284,0.0,1891.022779968432,2913.5270501156765,576.0,1179.1116520687315,7,428,0,45,0,0,0,True
static_opf_2.25_forecast,58,288,597,212,385,0.35510887772194305,0.644891122278057,0.6491147907470969,0.5904209953131747,0.58141910868887,0.8123197811021314,0.6982942143275814,0.6750737616500262,1.7026929029435314,1.4603406896315465,2.1505120438526166,2.25,2.25,2.25,0.010416666666666666,5393.152911906549,17.105478158715645,1451.7471531734936,2560.179598103752,570.0,1934.1206824705873,3,377,0,8,0,0,0,True
static_opf_2.25_forecast,59,288,865,209,656,0.24161849710982658,0.7583815028901734,0.7153959562087702,0.634647509883258,0.6236316777911554,0.9046524776630772,0.8354278805060622,0.8362174835177009,1.8960397421553554,1.571349858460136,2.2777477725912427,2.25,2.25,2.25,0.027777777777777776,5344.229785197765,64.50120284118354,2412.39119184679,3016.645753325284,560.0,410.6916371845076,6,566,0,90,0,0,0,False
static_opf_2.25_forecast,60,288,762,205,557,0.2690288713910761,0.7309711286089239,0.6303575984524712,0.601892943621825,0.5928930400078075,0.8233457421812664,0.7923878326538084,0.7364656915628224,1.80975487342423,1.569766643667946,2.262001671096056,2.25,2.25,2.25,0.013888888888888888,5179.507942073487,13.533042123380259,2147.0370852576175,2880.5677301751366,568.0,706.3700845173528,6,510,0,47,0,0,0,True
static_opf_2.25_forecast,61,288,564,199,365,0.3528368794326241,0.6471631205673759,0.6048071188828595,0.5814047083674164,0.6084352138865934,0.8054315892387625,0.8042570669925738,0.7851367778533527,1.707585679002568,1.45096847414384,2.202591729272169,2.25,2.25,2.25,0.017361111111111112,5076.342582940584,51.52093176101438,1276.0423875071056,2601.0433600916604,566.0,1713.7359035808042,5,335,0,30,0,0,0,True
static_opf_2.25_forecast,62,288,2422,216,2206,0.08918249380677126,0.9108175061932288,0.811955227804328,0.7474846380846889,0.5713684888278456,1.0154889323890994,0.9575800395998285,0.7272191565133348,2.1353764547417935,1.8082948317164325,2.2592353148654545,2.25,2.25,2.25,0.06944444444444445,5929.850625346181,226.703024780012,8713.825525587004,3457.329196912868,536.0,-5932.007121933704,5,1634,3,569,0,0,0,False
static_opf_2.25_forecast,63,288,914,229,685,0.25054704595185995,0.74945295404814,0.7209682857173254,0.6800500194314568,0.5874425425564678,1.0285046991118563,1.005446335483747,0.799324179143227,1.9399895262567217,1.7094102622725058,2.2766927923574696,2.25,2.25,2.25,0.06944444444444445,5701.570174053344,180.91828255823904,2618.4105783032646,3184.7521414996536,536.0,253.48917169218623,7,569,2,114,0,0,0,False
static_opf_2.25_forecast,64,288,569,197,372,0.3462214411247803,0.6537785588752196,0.5929714451076116,0.5554833474914519,0.5977025002994343,0.8570085343459652,0.8432046911034144,0.8076173557309909,1.6448645580170735,1.4353985025627445,2.2362822337463424,2.25,2.25,2.25,0.03819444444444445,4940.877282493226,67.87984966057809,1401.5224232301425,2599.534810152208,554.0,1425.9401994502962,6,338,0,34,0,0,0,False
static_opf_2.25_forecast,65,288,685,213,472,0.310948905109489,0.689051094890511,0.6641435825027305,0.6232339485731755,0.6069012187338261,0.8561185114433727,0.7747655438876276,0.8060079505924176,1.7936048323685558,1.578717576247885,2.210950463517568,2.25,2.25,2.25,0.003472222222222222,5500.067271490147,7.768733636741528,1852.181469362272,2849.121244290149,574.0,1364.9958242009843,5,426,0,46,0,0,0,True
static_opf_2.25_forecast,66,288,1049,218,831,0.20781696854146806,0.792183031458532,0.6851540941781105,0.6430087676244979,0.5854859503884096,0.8936718572265113,0.8466840900147269,0.7133507566139443,1.858802699482746,1.5972228280636527,2.246690884736719,2.25,2.25,2.25,0.017361111111111112,5611.926598808504,41.51240361663807,3143.224043185669,2959.4366754989164,566.0,33.75347650728082,8,759,0,72,0,0,0,True
static_opf_2.25_forecast,67,288,630,213,417,0.3380952380952381,0.6619047619047619,0.5635142198364862,0.5384136282231768,0.6153121693263411,0.7085140136593507,0.6855660159605993,0.7984511243898534,1.6149951325006437,1.3800375754877408,2.156965789338262,2.25,2.25,2.25,0.0,5476.658762877978,0.0,1575.9794223715267,2407.215859937839,576.0,2069.4634805686123,5,395,0,22,0,0,0,True
static_opf_2.25_forecast,68,288,1175,223,952,0.18978723404255318,0.8102127659574468,0.7458928005969171,0.7040305562757768,0.6511470943319883,0.9186737984731087,0.8458704485765023,0.9033143452065616,1.940565857215895,1.6664477743192165,2.3233572697422558,2.25,2.25,2.25,0.041666666666666664,6057.172821996032,55.31229150561017,3751.232889961827,3190.7973658206856,552.0,-388.1697252920894,6,743,0,209,0,0,0,False
static_opf_2.25_forecast,69,288,1989,226,1763,0.11362493715434892,0.886375062845651,0.7785230937247676,0.6948401697515121,0.5560856409815818,0.9563273568504345,0.8588458241731766,0.7053117275582191,2.0817801697486957,1.7481678144186656,2.2470308903297354,2.25,2.25,2.25,0.020833333333333332,6126.770429847345,39.75488252877985,7209.2265063005,3331.29626476422,564.0,-3889.5072237461545,6,1361,3,399,0,0,0,False
static_opf_2.25_forecast,70,288,830,218,612,0.26265060240963856,0.7373493975903614,0.6717091977220538,0.6421923225109128,0.5771552297042076,0.8806444113743986,0.7971081638966272,0.6962812558760193,1.8192325174480035,1.5798976042408999,2.1961041324892845,2.25,2.25,2.25,0.0,5417.018703323192,0.0,2355.0839594830477,2837.5325953448264,576.0,800.4021484953173,5,587,0,25,0,0,0,True
static_opf_2.25_forecast,71,288,1585,211,1374,0.1331230283911672,0.8668769716088328,0.7951419013567621,0.6894118111898199,0.5910371063071505,0.9982967031743418,0.8540545872305536,0.7340790358510559,2.0050105363592845,1.644582401946394,2.241791351146811,2.25,2.25,2.25,0.04513888888888889,5921.378137136262,195.05487322666727,5599.75567800525,3154.609671807896,550.0,-2478.0420859035503,8,1038,14,322,0,0,0,False
static_opf_2.50_forecast,42,288,1811,255,1556,0.14080618442849255,0.8591938155715074,0.8594638740983821,0.802501463206582,0.6350627586401709,1.0875728529065407,1.0345850012702338,0.8200229337737666,2.339722414139086,1.9908657919748782,2.5124197482128756,2.5,2.5,2.5,0.08333333333333333,7056.910184446115,370.03825199332505,6453.942021833101,4141.9087643839885,528.0,-3380.978853764299,5,988,19,549,0,0,0,False
static_opf_2.50_forecast,43,288,562,225,337,0.400355871886121,0.599644128113879,0.6820249031131771,0.6176040741302861,0.6824610890556222,0.9130721543559566,0.8373983425213772,0.867658151082251,1.8773883989354152,1.5688715666389317,2.4111389718461584,2.5,2.5,2.5,0.003472222222222222,5915.115477495852,0.08826809186416364,1248.417593939155,3152.961106839559,574.0,2087.6485086252737,6,263,4,70,0,0,0,True
static_opf_2.50_forecast,44,288,891,234,657,0.26262626262626265,0.7373737373737373,0.7203521132075166,0.6844846880734787,0.676785531712553,0.9493350729115684,0.8800086152997983,0.8666558333464568,1.9559968473968192,1.69951785370054,2.512679816715214,2.5,2.5,2.5,0.017361111111111112,5916.870196095092,17.432145022536222,2486.0383691940415,3456.82546148806,566.0,522.5742203904545,5,567,1,89,0,0,0,True
static_opf_2.50_forecast,45,288,632,242,390,0.3829113924050633,0.6170886075949367,0.7377558262263473,0.6932302754566315,0.6791690813708843,0.9080536185303034,0.8660874648913326,0.770325305302081,2.0343735169162875,1.7092025155795052,2.433869334074676,2.5,2.5,2.5,0.03125,6360.678450888199,178.08438523698663,1402.9788226196738,3465.6804725059674,558.0,1871.9347705255718,4,356,0,34,0,0,0,False
static_opf_2.50_forecast,46,288,1303,261,1042,0.2003069838833461,0.7996930161166539,0.7561913358684779,0.7454311856362571,0.6468408227432533,0.933921263116365,0.944520975544574,0.7614655930267575,2.094601977813434,1.8567454494259685,2.4723956010899877,2.5,2.5,2.5,0.03819444444444445,6875.0317586645815,212.66153020335625,4073.9614438424524,3708.747231297161,554.0,-566.338446678387,5,773,5,264,0,0,0,False
static_opf_2.50_forecast,47,288,611,226,385,0.3698854337152209,0.630114566284779,0.705287616360611,0.6366907996050377,0.6656090826450306,0.9230817223341072,0.8405563742423804,0.9562860980613644,1.8765476991433825,1.603821521359422,2.453658774638609,2.5,2.5,2.5,0.04861111111111111,5520.238047241322,193.5906813202555,1401.0164702187922,3229.4514475035357,548.0,1244.179448198739,6,314,0,71,0,0,0,False
static_opf_2.50_forecast,48,288,1296,243,1053,0.1875,0.8125,0.8301192522003203,0.7298803247965429,0.6772222395237213,1.0136760043449589,0.8955448241276365,0.837993604647525,2.166189349328618,1.8271044032926804,2.476330556748545,2.5,2.5,2.5,0.06597222222222222,6539.342946827882,179.48316383704937,4232.28659062941,3760.6507322659336,538.0,-1095.0775399045112,5,717,47,289,0,0,0,False
static_opf_2.50_forecast,49,288,2592,241,2351,0.09297839506172839,0.9070216049382716,0.8523747332530325,0.8008084581307149,0.6396066603277423,1.0051739039315453,0.9463172773411639,0.7404240852618722,2.2822905252450028,1.988573682154826,2.485648218861984,2.5,2.5,2.5,0.059027777777777776,6619.269481466781,99.36990323675664,9695.425828828023,4043.1118132275087,542.0,-6676.638063825507,5,1247,45,1059,0,0,0,False
static_opf_2.50_forecast,50,288,597,211,386,0.35343383584589616,0.6465661641541038,0.6760110724853141,0.6152481788320576,0.6399890568312567,0.8779920446328077,0.798219338992006,0.8225418673416937,1.856049303791163,1.5618529655990283,2.4247700422218474,2.5,2.5,2.5,0.024305555555555556,5498.5497173668045,105.68242517901915,1456.5520328469697,3148.214327846369,562.0,1350.1009314944467,7,329,0,57,0,0,0,False
static_opf_2.50_forecast,51,288,853,214,639,0.2508792497069168,0.7491207502930832,0.7550109825385823,0.6965102953407718,0.6836039198886562,0.9815513281726392,0.8945723150268606,0.8976804198188524,1.9656949610523842,1.643687911540371,2.4616602641223273,2.5,2.5,2.5,0.041666666666666664,5989.060726670047,171.32535255341244,2460.3758135871085,3360.0072742751036,552.0,549.3522862544223,7,508,10,121,0,0,0,False
static_opf_2.50_forecast,52,288,958,271,687,0.2828810020876827,0.7171189979123174,0.7734433075623736,0.7548327784938015,0.6248288729134259,0.9330375754980788,0.8952171705467249,0.7198004146937463,2.045563580376113,1.8243220576314816,2.4139024483757887,2.5,2.5,2.5,0.0,6764.881828493444,0.0,2712.6219483228933,3571.076355035091,576.0,1057.1835251354596,2,617,1,69,0,0,0,True
static_opf_2.50_forecast,53,288,748,198,550,0.2647058823529412,0.7352941176470589,0.7519471369184252,0.6892589485915346,0.7190486748316756,0.9991223744437024,0.9169121412300115,0.9012699393378752,2.0387209809555578,1.6790356260683694,2.553828178592644,2.5,2.5,2.5,0.052083333333333336,5522.892389383521,271.8505165619732,2192.6360996292815,3598.802773663951,546.0,5.602999528315195,11,388,2,160,0,0,0,False
static_opf_2.50_forecast,54,288,1001,218,783,0.2177822177822178,0.7822177822177823,0.8087355202079771,0.7676139875081426,0.6748772821620312,0.9999180881376889,0.9456874647618778,0.8471779182825098,2.1205676174726626,1.8335073902404366,2.503293255104635,2.5,2.5,2.5,0.0798611111111111,5659.987176139763,166.27884686141016,3153.597328541459,3760.527707530645,530.0,-890.4167067937522,9,516,12,255,0,0,0,False
static_opf_2.50_forecast,55,288,1023,234,789,0.2287390029325513,0.7712609970674487,0.7671659873936861,0.7270009882132172,0.659985652686206,1.148379736395842,1.0532239300871264,0.9114858599926023,2.0489949918555292,1.7909923143599369,2.490242900975574,2.5,2.5,2.5,0.1076388888888889,5778.784317279547,664.3859557750447,3133.5095211894336,3639.6499952787026,514.0,-1144.7611549636326,7,590,38,161,0,0,0,False
static_opf_2.50_forecast,56,288,2710,198,2512,0.07306273062730627,0.9269372693726937,0.8045555005785608,0.8480884348059652,0.6365911386156008,1.077387299009207,1.1643439263624615,0.8251122951988298,2.2317431126066785,1.9930474163858964,2.551287658055772,2.5,2.5,2.5,0.11805555555555555,5299.086173361746,478.8228361327775,10135.571839050092,4064.0444155605564,508.0,-8871.352917381679,8,1110,32,1370,0,0,0,False
static_opf_2.50_forecast,57,288,673,208,465,0.30906389301634474,0.6909361069836553,0.7716950415966934,0.6793479513244685,0.698621424141506,1.0202358685473265,0.8832580748682332,0.9334752575284653,1.9952083474158604,1.6700335274387008,2.468385559176201,2.5,2.5,2.5,0.07291666666666667,5719.619673504883,95.55127453959619,1849.13408121246,3432.859696219999,534.0,876.0746215328275,7,350,5,110,0,0,0,False
static_opf_2.50_forecast,58,288,597,236,361,0.3953098827470687,0.6046901172529313,0.7223359115325754,0.660498648806687,0.6533275178221436,0.9451461743900824,0.7974650792347371,0.7949523897370327,1.8943060814482928,1.626778520110268,2.3872469980197195,2.5,2.5,2.5,0.017361111111111112,6021.838061731325,88.07907616345346,1364.1438184549047,3197.438932475355,566.0,1938.1762346376117,3,316,8,37,0,0,0,True
static_opf_2.50_forecast,59,288,865,236,629,0.2728323699421965,0.7271676300578035,0.7556437145700369,0.6851563922549447,0.690371239615566,0.9032308017424838,0.8145404719358764,0.9340557191096048,2.0226071909533987,1.699297893014001,2.5030433119204787,2.5,2.5,2.5,0.05555555555555555,6078.070418169846,93.89468091235901,2305.448249700605,3532.5390175024477,544.0,690.1884700544326,6,520,1,108,0,0,0,False
static_opf_2.50_forecast,60,288,762,218,544,0.28608923884514437,0.7139107611548556,0.6926756589549776,0.6626600877444285,0.6724626943836418,0.9072368904887329,0.9239936558589111,0.8432741478184432,1.9736387255641172,1.7020413516992845,2.514542967672231,2.5,2.5,2.5,0.034722222222222224,5768.874360066675,137.8797108502731,2033.755673854838,3473.8899925048954,556.0,679.348982856668,6,450,0,94,0,0,0,False
static_opf_2.50_forecast,61,288,564,207,357,0.3670212765957447,0.6329787234042553,0.6587139284990733,0.6358286627151077,0.69254421577244,0.8762715353750508,0.8542333485411571,0.8367281547877201,1.8197522236321655,1.5622602900401121,2.432287617565805,2.5,2.5,2.5,0.034722222222222224,5278.475951688716,178.9660908090324,1264.1985499691673,3089.064725155584,556.0,1302.2465857549328,5,294,2,61,0,0,0,False
static_opf_2.50_forecast,62,288,2422,226,2196,0.09331131296449216,0.9066886870355079,0.8577824790296653,0.814543409640027,0.636816746188036,1.085711154855978,1.0849660644182677,0.8054369438795607,2.284003374726412,2.0001406437688773,2.525987179484853,2.5,2.5,2.5,0.07291666666666667,6012.352300935022,451.7036680227208,8737.303604500928,4101.600338390008,534.0,-6744.2553099786355,5,1169,52,975,0,0,0,False
static_opf_2.50_forecast,63,288,914,240,674,0.26258205689277897,0.737417943107221,0.7758110172158053,0.7233852154798757,0.665811812390149,1.095474524197201,1.012684635669495,0.9190539315417011,2.1474144611981543,1.860967541093286,2.5517686709748677,2.5,2.5,2.5,0.10416666666666667,6057.028017423152,314.4523287031975,2572.599386998366,3871.5385676205797,516.0,-185.56226589899114,7,479,3,192,0,0,0,False
static_opf_2.50_forecast,64,288,569,210,359,0.36906854130052724,0.6309314586994728,0.6983197592324996,0.6057508230984086,0.6904828921125744,0.9930644808839466,0.8872647566361077,0.9464411909248996,1.8481170508944404,1.549499270270504,2.500751450642176,2.5,2.5,2.5,0.052083333333333336,5401.914978299794,238.13112542378587,1333.6778619761599,3235.10196026117,546.0,1141.0040306386777,6,281,0,78,0,0,0,False
static_opf_2.50_forecast,65,288,685,223,462,0.32554744525547447,0.6744525547445256,0.7156200742889613,0.6911259310903825,0.6914057854337654,0.960776943650622,0.9012994976465267,0.9011039018026182,1.946085100353245,1.7333935315611257,2.4772969733095627,2.5,2.5,2.5,0.04513888888888889,5573.5738448930915,92.4459069994881,1872.3418988893673,3465.2497176795287,550.0,693.5363213247074,5,332,9,121,0,0,0,False
static_opf_2.50_forecast,66,288,1049,232,817,0.22116301239275502,0.778836987607245,0.751876716338205,0.7198746233118819,0.6599100362244636,0.9945595888341383,0.9827015924382503,0.8152771672632095,2.0309194143546057,1.7752182277038846,2.504788309733892,2.5,2.5,2.5,0.059027777777777776,5858.417559974136,170.6381375793442,3118.651185772988,3608.8313899172017,542.0,-497.70315329539795,8,625,6,186,0,0,0,False
static_opf_2.50_forecast,67,288,630,250,380,0.3968253968253968,0.6031746031746031,0.6489841503723268,0.6175590276104596,0.6803447179506129,0.8283364119714471,0.7363572180693204,0.86020854149041,1.8157295168478644,1.563043199215922,2.3735430237861754,2.5,2.5,2.5,0.0,6471.025015507049,0.0,1414.6030102589857,3046.0757036909818,576.0,2586.3463015570815,5,326,0,54,0,0,0,True
static_opf_2.50_forecast,68,288,1175,249,926,0.2119148936170213,0.7880851063829787,0.805828057105793,0.7656317553128077,0.718737971662939,0.9684436021924123,0.9238881759246782,1.0301353094692574,2.1757130584493516,1.8427155524720362,2.5829010802834516,2.5,2.5,2.5,0.09027777777777778,6716.251882501492,197.1560804152423,3618.066636677831,3912.8966422608273,524.0,-487.8674768524088,6,565,15,346,0,0,0,False
static_opf_2.50_forecast,69,288,1989,250,1739,0.1256913021618904,0.8743086978381096,0.85912165704304,0.797772900790119,0.6350552141279935,0.9942754275831536,0.9529549178581485,0.8056321633869505,2.2624167845731793,1.9759631287443606,2.5016152415023907,2.5,2.5,2.5,0.04861111111111111,6460.786710745983,243.21224696894168,7193.918520209029,4029.485969170323,548.0,-4457.830025602312,6,944,40,755,0,0,0,False
static_opf_2.50_forecast,70,288,830,236,594,0.28433734939759037,0.7156626506024096,0.7211919810279507,0.6983748651241946,0.6532356657015015,0.8472249491772293,0.8134994199310313,0.7738955152966507,1.9822893572702052,1.7358174023466377,2.447182144431517,2.5,2.5,2.5,0.003472222222222222,5912.129635256277,1.2537646936445725,2271.1535747914813,3449.3306501408124,574.0,764.3916456303389,5,559,0,35,0,0,0,True
static_opf_2.50_forecast,71,288,1585,230,1355,0.14511041009463724,0.8548895899053628,0.8492466005794422,0.7946957574500729,0.6497436078745368,1.0792068241578274,1.0075076068112767,0.7770268307544517,2.1826908469903787,1.904784224443462,2.5097144375531033,2.5,2.5,2.5,0.0798611111111111,6071.934306304836,410.5846521140645,5601.1960213716375,3892.759159832432,530.0,-3302.605527013297,8,763,27,565,0,0,0,False
adaptive_heuristic,42,288,1811,224,1587,0.1236885698509111,0.8763114301490889,0.7504953273950973,0.6924445366991758,0.5437332808341595,0.9634595919171691,0.9635215578676617,0.7443572736082882,2.009768140037409,1.6810609912673453,2.109666253864801,2.0924107142857142,2.0924107142857142,2.060243055555555,0.04513888888888889,6409.692046442435,178.62874832667043,6551.955191041697,3045.4154044137804,550.0,-2816.307297339711,5,1350,0,237,0,0,0,False
adaptive_heuristic,43,288,562,212,350,0.37722419928825623,0.6227758007117438,0.6147677809270652,0.5921010729585167,0.5842510574567387,0.8307049919763201,0.7744982947811176,0.7607579824266845,1.7274980363379155,1.5171941997791052,2.193918660954982,2.2382075471698113,2.2382075471698113,2.226909722222222,0.003472222222222222,5558.524599061566,1.4331391445359571,1301.384143064609,2700.876961325638,574.0,2128.830355526783,6,320,0,30,0,0,0,True
adaptive_heuristic,44,288,891,217,674,0.24354657687991021,0.7564534231200898,0.6011053695500612,0.5866199279053315,0.4995393415617699,0.9071171538808934,0.9101071159526746,0.6972493018076903,1.7139701866255825,1.5051534834488811,1.997191615794345,1.974884792626728,1.974884792626728,1.938888888888889,0.013888888888888888,5534.403957300099,9.219884470964288,2494.9491649990423,2457.7179669816665,568.0,1140.516940848426,5,605,0,69,0,0,0,True
adaptive_heuristic,45,288,632,237,395,0.375,0.625,0.6863627677660751,0.6496759923935626,0.6009070719586336,0.8820574010509852,0.8200462590754624,0.7496663202751479,1.9011404792768727,1.6312904862909523,2.2593180734028238,2.282067510548523,2.282067510548523,2.3121527777777775,0.0,6076.17712549928,0.0,1451.6373861283919,3052.4911537004514,576.0,2148.0485856704363,4,382,0,13,0,0,0,True
adaptive_heuristic,46,288,1303,230,1073,0.17651573292402148,0.8234842670759785,0.6682523830312742,0.6354910846373488,0.5160537761879039,0.9268056532545954,0.8747404155351263,0.6744031379441137,1.859245744802051,1.622737335338561,2.087597787167077,2.0986956521739133,2.0986956521739133,2.0796875000000004,0.020833333333333332,5858.892886592347,63.6955480379394,4254.30171560465,2795.059385284513,564.0,-690.1637623347548,5,946,1,126,0,0,0,False
adaptive_heuristic,47,288,611,206,405,0.337152209492635,0.662847790507365,0.5837271171803531,0.5719487648710001,0.5495773332546041,0.8863402827342589,0.7979872367925535,0.7653609632317137,1.5771354683953822,1.3993532892826046,2.0788031681590193,2.0759708737864075,2.0759708737864075,2.0383680555555554,0.03125,4943.651489725661,74.32020870741566,1475.2390487671998,2337.8418409805017,558.0,1614.2503912705433,6,373,0,32,0,0,0,False
adaptive_heuristic,48,288,1296,204,1092,0.1574074074074074,0.8425925925925926,0.7116356315377863,0.6336989265919483,0.5524924472708181,1.018924603391267,0.8902691463938904,0.7300150944725277,1.8404997530628886,1.5543148965428253,2.01465797781326,2.0446078431372547,2.0446078431372547,1.9725694444444442,0.052083333333333336,5492.252447782449,231.01464179467106,4415.215830977865,2657.336532378405,546.0,-1265.3145573684924,5,937,3,152,0,0,0,False
adaptive_heuristic,49,288,2592,223,2369,0.08603395061728394,0.9139660493827161,0.765489388212663,0.7271890331255874,0.5193344437301958,0.9350585999167572,0.9157831735344497,0.638341107067121,1.9828895964938036,1.7325733979868905,2.0648721619429056,2.080493273542601,2.080493273542601,2.0833333333333335,0.006944444444444444,6381.22475645978,2.5537098262329025,9668.66323411153,3006.367314643331,572.0,-5724.359502121313,5,1861,1,507,0,0,0,True
adaptive_heuristic,50,288,597,201,396,0.33668341708542715,0.6633165829145728,0.6051718460134082,0.5684703548785781,0.5682691132770442,0.9002318496600216,0.8173799658714854,0.7317352630616706,1.6970150749942328,1.4563707284512515,2.169854064668202,2.2268656716417907,2.2268656716417907,2.1807291666666666,0.024305555555555556,5124.978345103912,102.44842354069841,1518.8235544764616,2621.5559406472003,562.0,1444.1504264395523,7,354,0,42,0,0,0,False
adaptive_heuristic,51,288,853,212,641,0.2485345838218054,0.7514654161781946,0.7063566062270054,0.6675765991435113,0.5645067631788692,0.8979867491738429,0.855654854730188,0.698436735035679,1.9031148703644452,1.6282940090880311,2.183267482374048,2.2216981132075473,2.2216981132075473,2.1708333333333334,0.010416666666666666,5551.139377010777,27.61918407008219,2529.238641437544,2963.3298988258866,570.0,600.9516526772635,7,604,0,37,0,0,0,True
adaptive_heuristic,52,288,958,270,688,0.2818371607515658,0.7181628392484343,0.7612861413804864,0.7431948699001643,0.5972926519656145,0.9103300155007475,0.8636509911198681,0.7352329822367031,1.9583917951714627,1.782123424717596,2.314757166416035,2.352962962962963,2.352962962962963,2.373784722222222,0.0,6844.023646953014,0.0,2683.9828447487575,3337.410858534299,576.0,1398.6299436699574,2,630,1,57,0,0,0,True
adaptive_heuristic,53,288,748,192,556,0.25668449197860965,0.7433155080213903,0.6415151672858717,0.6164439959090243,0.6037525633353378,0.8959655019535421,0.8539271585367729,0.8274652018442992,1.8496721537178926,1.5553287794260489,2.277812442828245,2.2213541666666665,2.2213541666666665,2.2020833333333334,0.024305555555555556,5097.649339988782,130.28686927186652,2272.4787002369676,2985.1901309827426,562.0,271.693639497205,11,483,0,73,0,0,0,False
adaptive_heuristic,54,288,1001,211,790,0.21078921078921078,0.7892107892107892,0.7301122019940453,0.6859008356170336,0.5918705632167688,0.977962482865438,0.9122002118771073,0.7917321751783795,1.933165304200823,1.6426174246956726,2.2516591509875616,2.241943127962085,2.241943127962085,2.2026041666666667,0.03819444444444445,5623.901013434131,150.36323644829685,3121.539353059847,3113.1800383368227,554.0,-207.1816144108363,9,669,0,121,0,0,0,False
adaptive_heuristic,55,288,1023,215,808,0.2101661779081134,0.7898338220918866,0.644893848709136,0.6232170713419615,0.5052303401534898,1.0587409526398481,0.9533595272193592,0.7542232955145184,1.78830505569896,1.58451127008568,2.0524670570097183,2.089302325581395,2.089302325581395,1.9888888888888892,0.07291666666666667,5113.2690990505935,197.3696662973914,3214.851852216185,2685.7539282237713,534.0,-450.7063476867533,7,687,4,117,0,0,0,False
adaptive_heuristic,56,288,2710,185,2525,0.06826568265682657,0.9317343173431735,0.7196939008257606,0.7333065295132281,0.49925830802281257,1.0081859011558625,0.9893501649233634,0.7008043902778355,2.07688357709563,1.852636466163113,2.1626034578708153,2.1240540540540542,2.1240540540540542,2.0829861111111114,0.05555555555555555,4687.404607132294,221.85211264235483,10232.030656910682,3323.1379413456834,544.0,-8545.616103766426,8,1976,4,545,0,0,0,False
adaptive_heuristic,57,288,673,200,473,0.2971768202080238,0.7028231797919762,0.6522905914944896,0.6054118593571778,0.5638516348502809,0.9232572374524748,0.8334313318957912,0.7023529527295205,1.7453472570643702,1.5034462665889092,2.091056537861343,2.14525,2.14525,2.0883680555555557,0.006944444444444444,5451.786468176152,10.14435190086272,1876.1341859233469,2581.990651530062,572.0,1555.5172788218806,7,446,1,26,0,0,0,True
adaptive_heuristic,58,288,597,225,372,0.3768844221105528,0.6231155778894473,0.6659979580674266,0.6133074789507085,0.5809736107805672,0.8865065824559777,0.801687375428389,0.7730371177600769,1.738106785353394,1.493692702014846,2.149019116232654,2.234888888888889,2.234888888888889,2.2059027777777778,0.017361111111111112,5746.008146092623,106.39423622276504,1373.4291126723988,2650.568286611211,566.0,2181.6165105862488,3,352,0,20,0,0,0,True
adaptive_heuristic,59,288,865,229,636,0.26473988439306356,0.7352601156069364,0.6795051285858738,0.632454869398812,0.5938680104092365,0.89633794808612,0.7814500086761622,0.7516050605014181,1.8829600677342373,1.6278385340318628,2.2491207872394696,2.3085152838427945,2.3085152838427945,2.2465277777777777,0.013888888888888888,5551.579292632616,47.28738236238921,2400.651055553707,3037.353966335845,568.0,634.2868883806743,6,594,1,41,0,0,0,True
adaptive_heuristic,60,288,762,191,571,0.25065616797900264,0.7493438320209974,0.6344418430494427,0.5783687734831491,0.5275799899082954,0.9639153363909126,0.9613920791221728,0.8139138373955163,1.7326565176080908,1.4416182715967163,2.0108405133259946,2.011780104712042,2.011780104712042,1.9333333333333331,0.04513888888888889,5060.163432133189,85.01753259503847,2128.85150715381,2414.9335137497574,550.0,981.360878634583,6,508,0,63,0,0,0,False
adaptive_heuristic,61,288,564,207,357,0.3670212765957447,0.6329787234042553,0.6299225819730906,0.5950781659136126,0.5939048687205948,0.8727804067413196,0.840745539810146,0.7563322839438387,1.7397011228065768,1.5084052645346366,2.2043293945519635,2.199275362318841,2.199275362318841,2.201041666666667,0.027777777777777776,5035.003968548047,144.26304259640347,1296.5606971225532,2711.9574298722137,560.0,1442.2227989568769,5,338,0,19,0,0,0,False
adaptive_heuristic,62,288,2422,196,2226,0.08092485549132948,0.9190751445086706,0.6906439702070741,0.6734105793409791,0.455954558103979,1.0305135660358513,0.9370259617748142,0.6267327280478237,1.9184848707038706,1.7023645497906577,2.016583916529124,2.0364795918367347,2.0364795918367347,1.9526041666666667,0.06944444444444445,5205.121437319388,241.335411876895,8865.994362855501,2854.479866891887,536.0,-6220.688204304894,5,1923,8,295,0,0,0,False
adaptive_heuristic,63,288,914,206,708,0.22538293216630198,0.774617067833698,0.6853003632349789,0.6486419576568562,0.5795462360959237,1.011932369235098,0.9894134838750186,0.9573099120532976,1.8930217781592569,1.631832011091986,2.214200449564636,2.0919902912621358,2.0919902912621358,2.0770833333333334,0.06597222222222222,5281.936122088269,245.14048086749477,2675.9244761249893,3023.105295364979,538.0,-124.23413026919394,7,576,0,132,0,0,0,False
adaptive_heuristic,64,288,569,202,367,0.35500878734622143,0.6449912126537786,0.5997828491733281,0.5510985668533365,0.5819711010435048,0.8338289783932527,0.8016118841981692,0.8325360747490038,1.6662506889703086,1.4424206675313738,2.1985378336292767,2.2284653465346533,2.2284653465346533,2.1899305555555557,0.017361111111111112,5036.986129229178,30.6588288005888,1378.3244739004735,2639.452444393429,566.0,1554.5503821346874,6,343,0,24,0,0,0,True
adaptive_heuristic,65,288,685,213,472,0.310948905109489,0.689051094890511,0.6246279121068914,0.5894416666895927,0.5168795144982474,0.8957459928974776,0.8399083730929708,0.7608251959947268,1.6721817505322594,1.47516446102432,1.9850215747179334,2.0185446009389674,2.0185446009389674,1.9555555555555557,0.027777777777777776,5257.998080738675,57.72093362505592,1867.9058909089058,2387.458490793447,560.0,1504.9127654112665,5,424,0,48,0,0,0,False
adaptive_heuristic,66,288,1049,213,836,0.20305052430886558,0.7969494756911344,0.6446442465501971,0.622062492204507,0.49162996917683344,0.9720987070912958,0.9398975810092359,0.7387813868884631,1.7657820548324763,1.55039150209846,2.018838487691086,2.0556338028169012,2.0556338028169012,1.9727430555555554,0.03819444444444445,5483.524844888374,115.06709774364423,3109.520169434677,2569.5429781446273,554.0,243.39459956542498,8,698,4,134,0,0,0,False
adaptive_heuristic,67,288,630,238,392,0.37777777777777777,0.6222222222222222,0.6071784469300989,0.5946777695352985,0.5958101819613055,0.8369485248930706,0.7914082233863577,0.9521085224240073,1.6780928958799664,1.4679459427156343,2.1070910816258706,2.1424369747899163,2.1424369747899163,2.1484375,0.04513888888888889,5834.290454932867,34.78182702284607,1500.7328173559702,2534.3735586573334,550.0,2314.402251896717,5,334,0,58,0,0,0,False
adaptive_heuristic,68,288,1175,219,956,0.18638297872340426,0.8136170212765957,0.6614850549223772,0.6203237468944081,0.5577803469998389,0.9890033474025052,0.9047690703832825,0.8284892010361122,1.8214105257433926,1.540447152304209,2.0532148459891193,2.051369863013699,2.051369863013699,1.9560763888888886,0.052083333333333336,5650.443329853038,125.24146508184212,3834.9947910287156,2672.51471380518,546.0,-436.30764006269885,6,831,0,125,0,0,0,False
adaptive_heuristic,69,288,1989,220,1769,0.11060834590246355,0.8893916540975364,0.7229650044823362,0.689957948289104,0.47913907360107166,0.9392519552797662,0.8795286344868046,0.6445863107617966,1.9161849892858542,1.7187878611423568,2.0015872525564564,2.0293181818181822,2.0293181818181822,1.9984374999999999,0.020833333333333332,5859.739652522973,27.001938139854715,7235.3870729321625,2846.5361432579402,564.0,-3685.1855018069837,6,1449,0,320,0,0,0,False
adaptive_heuristic,70,288,830,230,600,0.27710843373493976,0.7228915662650602,0.6762207822240478,0.6603541718515795,0.5732412310408939,0.9245672701533291,0.8446925051622874,0.6954327340871368,1.8618916978935873,1.6192314677225506,2.199609614962267,2.2343478260869567,2.2343478260869567,2.215625,0.020833333333333332,5775.116800274853,52.18587698757048,2268.194837394375,2934.4857293677233,564.0,1084.2503565251827,5,561,0,39,0,0,0,False
adaptive_heuristic,71,288,1585,196,1389,0.12365930599369085,0.8763406940063091,0.6649211070992612,0.6356164113835163,0.5176222873449466,0.9983580510181908,0.9363974867112583,0.7846233909934803,1.8055473055129392,1.5647193174608942,2.0528296095894745,1.975,1.975,1.9487847222222223,0.052083333333333336,5165.285682742278,140.66672344981413,5762.967708117177,2654.208218924445,546.0,-2846.5569677491585,8,1180,0,209,0,0,0,False
